Workbook

Sheet 24hr stool collections Mouse ID
A1: 1st 24hr stool collection (8/31/2018)
A2: Mouse ID | B2: ApoE-/- TRF | C2: ApoE-/- ad lib | D2: Ldlr-/- TRF | E2: Ldlr-/- ad lib
A3: 1 | B3: 123N | C3: 125N | D3: 130N | E3: 132N
A4: 2 | B4: 123L | C4: 125L | D4: 130L | E4: 132L
A5: 3 | B5: 123R | C5: 125R | D5: 130R | E5: 132R
A6: 4 | B6: 123B | C6: 125B | D6: 131N | E6: 133N
A7: 5 | B7: 124N | C7: 126N | D7: 131L | E7: 133L
A8: 6 | B8: 124L | C8: 126L | D8: 131R | E8: 133R
A13: 2nd 24hr stool collection (1/4/2019)
A14: Mouse ID | B14: ApoE-/- TRF | C14: ApoE-/- ad lib | D14: Ldlr-/- TRF | E14: Ldlr-/- ad lib
A15: 1 | B15: 123N | C15: dead | D15: 130N | E15: dead
A16: 2 | B16: 123L | C16: 125L | D16: dead | E16: 132L
A17: 3 | B17: 123R | C17: 125R | D17: 130R | E17: dead
A18: 4 | B18: dead | C18: 125B | D18: 131N | E18: 133N
A19: 5 | B19: 124N | C19: 126N | D19: 131L | E19: 133L
A20: 6 | B20: 124L | C20: 126L | D20: dead | E20: 133R

Sheet Mouse ID Key
D1: "Mouse Weights" Key | J1: "Food Consumed" Key
A2: Treatment Groups | D2: Mouse ID | E2: AT | F2: AA | G2: LT | H2: LA | J2: Mouse Cage | K2: AT | L2: AA | M2: LT | N2: LA
A3: Code | B3: Mouse & Condition | D3: 1 | E3: 123N | F3: 125N | G3: 130N | H3: 132N | J3: 1 | K3: 123 | L3: 125A | M3: 130 | N3: 132
A4: AT | B4: Apoe TRF | D4: 2 | E4: 123L | F4: 125L | G4: 130L | H4: 132L | J4: 2 | K4: 124 | L4: 126 | M4: 131 | N4: 133
A5: AA | B5: Apoe Ad LIB | D5: 3 | E5: 123R | F5: 125R | G5: 130R | H5: 132R | J5: 3 | L5: 125B
A6: LT | B6: Ldlr TRF | D6: 4 | E6: 123B | F6: 125B | G6: 131N | H6: 133N
A7: LA | B7: Ldlr Apoe | D7: 5 | E7: 124N | F7: 126N | G7: 131L | H7: 133L | J7: 8/13/2018-10/31/2018
D8: 6 | E8: 124L | F8: 126L | G8: 131R | H8: 133R | K8: AT | L8: AA | M8: LT | N8: LA
J9: 1 | K9: 4 | L9: 4 | M9: 3 | N9: 3
J10: 2 | K10: 2 | L10: 2 | M10: 3 | N10: 3
J12: 10/31/2018-11/07/2018
K13: AT | L13: AA | M13: LT | N13: LA
J14: 1 | K14: 4 | L14: 3 | M14: 3 | N14: 3
J15: 2 | K15: 2 | L15: 2 | M15: 3 | N15: 3
L16: 1
J18: 10/31/2018-11/07/2018
K19: AT | L19: AA | M19: LT | N19: LA
J20: 1 | K20: 4 | L20: 2 | M20: 3 | N20: 3
J21: 2 | K21: 2 | L21: 2 | M21: 2 | N21: 3
L22: 2
J24: 11/07/2018-12/19/2018
K25: AT | L25: AA | M25: LT | N25: LA
J26: 1 | K26: 3 | L26: 3 | M26: 3 | N26: 3
J27: 2 | K27: 2 | L27: 2 | M27: 2 | N27: 3
L28: 1

Sheet Mouse Weights
A1: Week 0 | B1: AT | C1: AA | D1: LT | E1: LA | F1: LABEL | G1: 4 days | H1: Week 0.5 | I1: AT | J1: AA | K1: LT | L1: LA | M1: LABEL | N1: 3 days | O1: Week 1 | P1: AT | Q1: AA | R1: LT | S1: LA | T1: LABEL | U1: 7 days | V1: Week 2 | W1: AT | X1: AA | Y1: LT | Z1: LA | AA1: LABEL | AB1: 9 days | AC1: Week 3 | AD1: AT | AE1: AA | AF1: LT | AG1: LA | AH1: LABEL | AI1: 7 days | AJ1: Week 4 | AK1: AT | AL1: AA | AM1: LT | AN1: LA | AO1: LABEL | AP1: 7 days | AQ1: Week 5 | AR1: AT | AS1: AA | AT1: LT | AU1: LA | AV1: LABEL | AW1: 7 days | AX1: Week 6 | AY1: AT | AZ1: AA | BA1: LT | BB1: LA | BC1: LABEL | BD1: 7 days | BE1: Week 7 | BF1: AT | BG1: AA | BH1: LT | BI1: LA | BJ1: LABEL | BK1: 9 days | BL1: Week 8 | BM1: AT | BN1: AA | BO1: LT | BP1: LA | BQ1: LABEL | BR1: 5 days | BS1: Week 9 | BT1: AT | BU1: AA | BV1: LT | BW1: LA | BX1: LABEL | BY1: 8 days | BZ1: Week 10 | CA1: AT | CB1: AA | CC1: LT | CD1: LA | CE1: LABEL | CF1: 6 days | CG1: Week 11 | CH1: AT | CI1: AA | CJ1: LT | CK1: LA | CL1: LABEL | CM1: 7 days | CN1: Week 12 | CO1: AT | CP1: AA | CQ1: LT | CR1: LA | CS1: LABEL | CT1: 7 days | CU1: Week 13 | CV1: AT | CW1: AA | CX1: LT | CY1: LA | CZ1: LABEL | DA1: 7 days | DB1: Week 14 | DC1: AT | DD1: AA | DE1: LT | DF1: LA | DG1: LABEL | DH1: 7 days | DI1: Week 15 | DJ1: AT | DK1: AA | DL1: LT | DM1: LA | DN1: LABEL | DO1: 7 days | DP1: Week 16 | DQ1: AT | DR1: AA | DS1: LT | DT1: LA | DU1: LABEL | DV1: 7 days | DW1: Week 17 | DX1: AT | DY1: AA | DZ1: LT | EA1: LA | EB1: LABEL | EC1: 7 days | ED1: Week 18 | EE1: AT | EF1: AA | EG1: LT | EH1: LA | EI1: LABEL | EJ1: 9 days | EK1: Week 19 | EL1: AT | EM1: AA | EN1: LT | EO1: LA | EP1: LABEL | EQ1: 6 days | ER1: Week 20 | ES1: AT | ET1: AA | EU1: LT | EV1: LA | EW1: LABEL | EX1: 6 days | EY1: Week 21 | EZ1: AT | FA1: AA | FB1: LT | FC1: LA | FD1: LABEL | FE1: 8 days | FF1: Week 22 | FG1: AT | FH1: AA | FI1: LT | FJ1: LA | FK1: LABEL | FL1: 5 days | FM1: Week 23 | FN1: AT | FO1: AA | FP1: LT | FQ1: LA | FR1: LABEL
A2: 1 | B2: 26.7 | C2: 24.4 | D2: 24.5 | E2: 24 | F2: 0 | H2: 1 | I2: no weights | J2: no weights | K2: no weights | L2: no weights | M2: 0.5 | O2: 1 | P2: 23.7 | Q2: 23.1 | R2: 22.7 | S2: 23 | T2: 1 | V2: 1 | W2: 23.8 | X2: 22.2 | Y2: 23.7 | Z2: 23.2 | AA2: 2 | AC2: 1 | AD2: 26.7 | AE2: 23.6 | AF2: 23 | AG2: 24 | AH2: 3 | AJ2: 1 | AK2: 26.9 | AL2: 24.6 | AM2: 25.2 | AN2: 23.9 | AO2: 4 | AQ2: 1 | AR2: 27.9 | AS2: 24.5 | AT2: 26 | AU2: 24.6 | AV2: 5 | AX2: 1 | AY2: 27.5 | AZ2: 25.2 | BA2: 26.7 | BB2: 25 | BC2: 6 | BE2: 1 | BF2: 28.1 | BG2: 24.1 | BH2: 27.2 | BI2: 25.4 | BJ2: 7 | BL2: 1 | BM2: 28.9 | BN2: 25.5 | BO2: 28.2 | BP2: 28 | BQ2: 8 | BS2: 1 | BT2: 29.6 | BU2: 27.2 | BV2: 28.2 | BW2: 25.6 | BX2: 9 | BZ2: 1 | CA2: 31.2 | CB2: 25.5 | CC2: 28.6 | CD2: 26.3 | CE2: 10 | CG2: 1 | CH2: 30.4 | CI2: 25.3 | CJ2: 29.8 | CK2: 27.7 | CL2: 11 | CN2: 1 | CO2: 32.7 | CP2: 26 | CQ2: 28.9 | CR2: 25.5 | CS2: 12 | CU2: 1 | CV2: 32.3 | CW2: 27.3 | CX2: 29.9 | CY2: 25.2 | CZ2: 13 | DB2: 1 | DC2: 34.6 | DD2: 26.9 | DE2: 29.3 | DF2: 26.5 | DG2: 14 | DI2: 1 | DJ2: 34.6 | DK2: 27.9 | DL2: 30.5 | DM2: 26.9 | DN2: 15 | DP2: 1 | DQ2: 36.3 | DR2: 26 | DS2: 30.6 | DT2: 26.5 | DU2: 16 | DW2: 1 | DX2: 36.1 | DY2: 30.8 | DZ2: 29.8 | EA2: 26.3 | EB2: 17 | ED2: 1 | EE2: 37.6 | EF2: DEAD | EG2: 31.1 | EH2: 23.6 | EI2: 18 | EK2: 1 | EL2: no weights | EM2: DEAD | EN2: no weights | EO2: no weights | EP2: 19 | ER2: 1 | ES2: 38.2 | ET2: DEAD | EU2: 31.9 | EV2: DEAD | EW2: 20 | EY2: 1 | EZ2: 38.2 | FA2: DEAD | FB2: 32.7 | FC2: DEAD | FD2: 21 | FF2: 1 | FG2: metabolic cage | FH2: DEAD | FI2: metabolic cage | FJ2: DEAD | FK2: 22 | FM2: 1 | FN2: 36.4 | FO2: DEAD | FP2: 32.4 | FQ2: DEAD | FR2: 23
A3: 2 | B3: 24.6 | C3: 24.9 | D3: 25.6 | E3: 25.5 | F3: 0 | H3: 2 | I3: no weights | J3: no weights | K3: no weights | L3: no weights | M3: 0.5 | O3: 2 | P3: 22.9 | Q3: 22.3 | R3: 24.3 | S3: 25.2 | T3: 1 | V3: 2 | W3: 23.5 | X3: 24 | Y3: 25 | Z3: 25.9 | AA3: 2 | AC3: 2 | AD3: 24 | AE3: 23 | AF3: 25.5 | AG3: 26.9 | AH3: 3 | AJ3: 2 | AK3: 25.7 | AL3: 25.6 | AM3: 26.9 | AN3: 26.8 | AO3: 4 | AQ3: 2 | AR3: 26.6 | AS3: 25.7 | AT3: 28 | AU3: 27.1 | AV3: 5 | AX3: 2 | AY3: 26.5 | AZ3: 26.7 | BA3: 28.5 | BB3: 26.5 | BC3: 6 | BE3: 2 | BF3: 27 | BG3: 25.9 | BH3: 28.9 | BI3: 27.5 | BJ3: 7 | BL3: 2 | BM3: 27.9 | BN3: 26.5 | BO3: 29.5 | BP3: 28.1 | BQ3: 8 | BS3: 2 | BT3: 28.1 | BU3: 29.2 | BV3: 29.4 | BW3: 27.6 | BX3: 9 | BZ3: 2 | CA3: 28.7 | CB3: 27.6 | CC3: 29.7 | CD3: 27.2 | CE3: 10 | CG3: 2 | CH3: 28.8 | CI3: 27.4 | CJ3: 30.2 | CK3: 28.2 | CL3: 11 | CN3: 2 | CO3: 30 | CP3: 28.4 | CQ3: 30.3 | CR3: 26.1 | CS3: 12 | CU3: 2 | CV3: 30.2 | CW3: 29.9 | CX3: 30.8 | CY3: 27 | CZ3: 13 | DB3: 2 | DC3: 30.8 | DD3: 25.5 | DE3: 30.8 | DF3: 27 | DG3: 14 | DI3: 2 | DJ3: 31.9 | DK3: 28.9 | DL3: 30.3 | DM3: 26.7 | DN3: 15 | DP3: 2 | DQ3: 32.6 | DR3: 27 | DS3: 31 | DT3: 26.9 | DU3: 16 | DW3: 2 | DX3: 33.6 | DY3: 26.2 | DZ3: 30.9 | EA3: 28.1 | EB3: 17 | ED3: 2 | EE3: 34.4 | EF3: 27.8 | EG3: DEAD | EH3: 24.7 | EI3: 18 | EK3: 2 | EL3: no weights | EM3: no weights | EN3: DEAD | EO3: no weights | EP3: 19 | ER3: 2 | ES3: 36 | ET3: 26 | EU3: DEAD | EV3: 28 | EW3: 20 | EY3: 2 | EZ3: 35.6 | FA3: 26.5 | FB3: DEAD | FC3: 28.4 | FD3: 21 | FF3: 2 | FG3: 28.8 | FH3: metabolic cage | FI3: DEAD | FJ3: metabolic cage | FK3: 22 | FM3: 2 | FN3: 26.3 | FO3: 26.2 | FP3: DEAD | FQ3: 27.8 | FR3: 23
A4: 3 | B4: 26.9 | C4: 24.3 | D4: 25.3 | E4: 23.3 | F4: 0 | H4: 3 | I4: no weights | J4: no weights | K4: no weights | L4: no weights | M4: 0.5 | O4: 3 | P4: 24.8 | Q4: 22.3 | R4: 23.5 | S4: 23.5 | T4: 1 | V4: 3 | W4: 25.4 | X4: 22 | Y4: 24.1 | Z4: 23.8 | AA4: 2 | AC4: 3 | AD4: 25 | AE4: 24.8 | AF4: 24.2 | AG4: 24.8 | AH4: 3 | AJ4: 3 | AK4: 27.5 | AL4: 23.3 | AM4: 26.3 | AN4: 24.6 | AO4: 4 | AQ4: 3 | AR4: 29.1 | AS4: 24.2 | AT4: 26.8 | AU4: 25.4 | AV4: 5 | AX4: 3 | AY4: 27.3 | AZ4: 24.1 | BA4: 27.2 | BB4: 25.7 | BC4: 6 | BE4: 3 | BF4: 28.3 | BG4: 26.9 | BH4: 27.6 | BI4: 26 | BJ4: 7 | BL4: 3 | BM4: 29.3 | BN4: 24.5 | BO4: 25.8 | BP4: 27.9 | BQ4: 8 | BS4: 3 | BT4: 29.9 | BU4: 25.5 | BV4: 28.7 | BW4: 27.1 | BX4: 9 | BZ4: 3 | CA4: 31.5 | CB4: 25.8 | CC4: 29.3 | CD4: 26.7 | CE4: 10 | CG4: 3 | CH4: 31.2 | CI4: 25.6 | CJ4: 29.8 | CK4: 28 | CL4: 11 | CN4: 3 | CO4: 31.8 | CP4: 25.7 | CQ4: 29.5 | CR4: 26.2 | CS4: 12 | CU4: 3 | CV4: 32.8 | CW4: 26.5 | CX4: 30.7 | CY4: 27.2 | CZ4: 13 | DB4: 3 | DC4: 33.8 | DD4: 24.7 | DE4: 30.5 | DF4: 27.1 | DG4: 14 | DI4: 3 | DJ4: 35 | DK4: 25.1 | DL4: 29.8 | DM4: 26.9 | DN4: 15 | DP4: 3 | DQ4: 35.6 | DR4: 29.2 | DS4: 29.8 | DT4: 26.2 | DU4: 16 | DW4: 3 | DX4: 36.6 | DY4: 26.5 | DZ4: 30.9 | EA4: 26.7 | EB4: 17 | ED4: 3 | EE4: 36.2 | EF4: 26.2 | EG4: 29.6 | EH4: DEAD | EI4: 18 | EK4: 3 | EL4: no weights | EM4: no weights | EN4: no weights | EO4: DEAD | EP4: 19 | ER4: 3 | ES4: 36.9 | ET4: 29.5 | EU4: 30 | EV4: DEAD | EW4: 20 | EY4: 3 | EZ4: 38.3 | FA4: 28.7 | FB4: 30.2 | FC4: DEAD | FD4: 21 | FF4: 3 | FG4: metabolic cage | FH4: DEAD | FI4: metabolic cage | FJ4: DEAD | FK4: 22 | FM4: 3 | FN4: 38.6 | FO4: DEAD | FP4: 28.7 | FQ4: DEAD | FR4: 23
A5: 4 | B5: 24.4 | C5: 24.4 | D5: 23.4 | E5: 23 | F5: 0 | H5: 4 | I5: no weights | J5: no weights | K5: no weights | L5: no weights | M5: 0.5 | O5: 4 | P5: 23 | Q5: 22.1 | R5: 22 | S5: 21.2 | T5: 1 | V5: 4 | W5: 24.3 | X5: 22.5 | Y5: 25.1 | Z5: 22.3 | AA5: 2 | AC5: 4 | AD5: 26.6 | AE5: 24 | AF5: 25 | AG5: 23 | AH5: 3 | AJ5: 4 | AK5: 26.6 | AL5: 23.6 | AM5: 26.3 | AN5: 22.6 | AO5: 4 | AQ5: 4 | AR5: 27.4 | AS5: 23.7 | AT5: 27 | AU5: 24.6 | AV5: 5 | AX5: 4 | AY5: 29 | AZ5: 23.9 | BA5: 27.8 | BB5: 26.5 | BC5: 6 | BE5: 4 | BF5: 29.5 | BG5: 24.2 | BH5: 28 | BI5: 25 | BJ5: 7 | BL5: 4 | BM5: 30.7 | BN5: 24.9 | BO5: 28.8 | BP5: 26.3 | BQ5: 8 | BS5: 4 | BT5: 31 | BU5: 24.3 | BV5: 28.5 | BW5: 26.1 | BX5: 9 | BZ5: 4 | CA5: 32.7 | CB5: 25.2 | CC5: 29.5 | CD5: 26.5 | CE5: 10 | CG5: 4 | CH5: 31.9 | CI5: 24.4 | CJ5: 29.7 | CK5: 27.1 | CL5: 11 | CN5: 4 | CO5: 32.9 | CP5: 26.4 | CQ5: 29.6 | CR5: 26.4 | CS5: 12 | CU5: 4 | CV5: 33.2 | CW5: 26.2 | CX5: 30.1 | CY5: 25.5 | CZ5: 13 | DB5: 4 | DC5: 34.1 | DD5: 27.8 | DE5: 29.8 | DF5: 27.4 | DG5: 14 | DI5: 4 | DJ5: 35.1 | DK5: 27.1 | DL5: 30.5 | DM5: 27.8 | DN5: 15 | DP5: 4 | DQ5: 34.5 | DR5: 27.3 | DS5: 29.7 | DT5: 27.3 | DU5: 16 | DW5: 4 | DX5: 36.7 | DY5: 26.8 | DZ5: 32.3 | EA5: 27.6 | EB5: 17 | ED5: 4 | EE5: DEAD | EF5: 26.5 | EG5: 30.8 | EH5: 25.8 | EI5: 18 | EK5: 4 | EL5: DEAD | EM5: no weights | EN5: no weights | EO5: no weights | EP5: 19 | ER5: 4 | ES5: DEAD | ET5: 27.6 | EU5: 31.1 | EV5: 25.9 | EW5: 20 | EY5: 4 | EZ5: DEAD | FA5: 28.7 | FB5: 31.5 | FC5: 25.9 | FD5: 21 | FF5: 4 | FG5: DEAD | FH5: metabolic cage | FI5: metabolic cage | FJ5: metabolic cage | FK5: 22 | FM5: 4 | FN5: DEAD | FO5: 29.6 | FP5: 30.8 | FQ5: 25.2 | FR5: 23
A6: 5 | B6: 25 | C6: 28.8 | D6: 24.8 | E6: 25.1 | F6: 0 | H6: 5 | I6: no weights | J6: no weights | K6: no weights | L6: no weights | M6: 0.5 | O6: 5 | P6: 22.3 | Q6: 26.9 | R6: 23.9 | S6: 25.1 | T6: 1 | V6: 5 | W6: 23.6 | X6: 27.2 | Y6: 20.6 | Z6: 22.5 | AA6: 2 | AC6: 5 | AD6: 23.2 | AE6: 28.8 | AF6: 25.3 | AG6: 26.7 | AH6: 3 | AJ6: 5 | AK6: 24.2 | AL6: 28.9 | AM6: 26.8 | AN6: 25.3 | AO6: 4 | AQ6: 5 | AR6: 25.6 | AS6: 28.8 | AT6: 27 | AU6: 27.2 | AV6: 5 | AX6: 5 | AY6: 25.5 | AZ6: 28.5 | BA6: 28.4 | BB6: 29 | BC6: 6 | BE6: 5 | BF6: 25.9 | BG6: 23.6 | BH6: 28.4 | BI6: 27.7 | BJ6: 7 | BL6: 5 | BM6: 26.2 | BN6: 29.3 | BO6: 29.5 | BP6: 28.2 | BQ6: 8 | BS6: 5 | BT6: 27.1 | BU6: 29.1 | BV6: 30.6 | BW6: 28.4 | BX6: 9 | BZ6: 5 | CA6: 26.8 | CB6: 29.4 | CC6: 31.2 | CD6: 28 | CE6: 10 | CG6: 5 | CH6: 27.5 | CI6: 29.5 | CJ6: 30.6 | CK6: 28.9 | CL6: 11 | CN6: 5 | CO6: 31 | CP6: 30.5 | CQ6: 30.9 | CR6: 27.6 | CS6: 12 | CU6: 5 | CV6: 28.1 | CW6: 30.4 | CX6: 31.7 | CY6: 26.2 | CZ6: 13 | DB6: 5 | DC6: 28.4 | DD6: 29.6 | DE6: 31.1 | DF6: 27.3 | DG6: 14 | DI6: 5 | DJ6: 28.9 | DK6: 30.1 | DL6: 32.1 | DM6: 26 | DN6: 15 | DP6: 5 | DQ6: 33.3 | DR6: 30.2 | DS6: 31.6 | DT6: 27.2 | DU6: 16 | DW6: 5 | DX6: 29.3 | DY6: 30.6 | DZ6: 32.4 | EA6: 26.4 | EB6: 17 | ED6: 5 | EE6: 34.6 | EF6: 30.1 | EG6: 30.9 | EH6: 26.7 | EI6: 18 | EK6: 5 | EL6: no weights | EM6: no weights | EN6: no weights | EO6: no weights | EP6: 19 | ER6: 5 | ES6: 34.9 | ET6: 30.9 | EU6: 30.9 | EV6: 26.6 | EW6: 20 | EY6: 5 | EZ6: 35 | FA6: 31.1 | FB6: 30.9 | FC6: 27.4 | FD6: 21 | FF6: 5 | FG6: metabolic cage | FH6: metabolic cage | FI6: metabolic cage | FJ6: metabolic cage | FK6: 22 | FM6: 5 | FN6: 32.7 | FO6: 33.4 | FP6: 31 | FQ6: 23.5 | FR6: 23
A7: 6 | B7: 24.2 | C7: 23.7 | D7: 20.6 | E7: 23 | F7: 0 | H7: 6 | I7: no weights | J7: no weights | K7: no weights | L7: no weights | M7: 0.5 | O7: 6 | P7: 21.6 | Q7: 21.5 | R7: 19.9 | S7: 21.9 | T7: 1 | V7: 6 | W7: 23.8 | X7: 22.1 | Y7: 24 | Z7: 24.6 | AA7: 2 | AC7: 6 | AD7: 24.2 | AE7: 26.8 | AF7: 21 | AG7: 22.6 | AH7: 3 | AJ7: 6 | AK7: 26 | AL7: 22.8 | AM7: 22.3 | AN7: 23.5 | AO7: 4 | AQ7: 6 | AR7: 27.2 | AS7: 23.2 | AT7: 22.9 | AU7: 23.9 | AV7: 5 | AX7: 6 | AY7: 27.3 | AZ7: 23 | BA7: 23.8 | BB7: 25.8 | BC7: 6 | BE7: 6 | BF7: 27.9 | BG7: 29.2 | BH7: 24.2 | BI7: 25.4 | BJ7: 7 | BL7: 6 | BM7: 28.8 | BN7: 23.1 | BO7: 25.8 | BP7: 24.8 | BQ7: 8 | BS7: 6 | BT7: 29.3 | BU7: 22.4 | BV7: 25.6 | BW7: 25.5 | BX7: 9 | BZ7: 6 | CA7: 29.9 | CB7: 22.9 | CC7: 26.1 | CD7: 25.5 | CE7: 10 | CG7: 6 | CH7: 30.2 | CI7: 23 | CJ7: 25.1 | CK7: 25.8 | CL7: 11 | CN7: 6 | CO7: 27.9 | CP7: 24.6 | CQ7: DEAD | CR7: 25.3 | CS7: 12 | CU7: 6 | CV7: 30.7 | CW7: 24.3 | CX7: DEAD | CY7: 27.3 | CZ7: 13 | DB7: 6 | DC7: 31.8 | DD7: 24.3 | DE7: DEAD | DF7: 26.6 | DG7: 14 | DI7: 6 | DJ7: 32.2 | DK7: 24.9 | DL7: DEAD | DM7: 26.1 | DN7: 15 | DP7: 6 | DQ7: 29.1 | DR7: 25 | DS7: DEAD | DT7: 25.8 | DU7: 16 | DW7: 6 | DX7: 34 | DY7: 26.1 | DZ7: DEAD | EA7: 27.4 | EB7: 17 | ED7: 6 | EE7: 28.5 | EF7: 25.7 | EG7: DEAD | EH7: 27.1 | EI7: 18 | EK7: 6 | EL7: no weights | EM7: no weights | EN7: DEAD | EO7: no weights | EP7: 19 | ER7: 6 | ES7: 27.8 | ET7: 26 | EU7: DEAD | EV7: 27.7 | EW7: 20 | EY7: 6 | EZ7: 28.1 | FA7: 26.3 | FB7: DEAD | FC7: 25.5 | FD7: 21 | FF7: 6 | FG7: metabolic cage | FH7: 29.2 | FI7: DEAD | FJ7: metabolic cage | FK7: 22 | FM7: 6 | FN7: 26.4 | FO7: 27.1 | FP7: DEAD | FQ7: DEAD | FR7: 23
A8: Average | B8: =AVERAGE(B2:B7) -> 25.3 | C8: =AVERAGE(C2:C7) -> 25.083333 | D8: =AVERAGE(D2:D7) -> 24.033333 | E8: =AVERAGE(E2:E7) -> 23.983333 | H8: Average | I8: =AVERAGE(I2:I7) -> #DIV/0! | J8: =AVERAGE(J2:J7) -> #DIV/0! | K8: =AVERAGE(K2:K7) -> #DIV/0! | L8: =AVERAGE(L2:L7) -> #DIV/0! | O8: Average | P8: =AVERAGE(P2:P7) -> 23.05 | Q8: =AVERAGE(Q2:Q7) -> 23.033333 | R8: =AVERAGE(R2:R7) -> 22.716667 | S8: =AVERAGE(S2:S7) -> 23.316667 | V8: Average | W8: =AVERAGE(W2:W7) -> 24.066667 | X8: =AVERAGE(X2:X7) -> 23.333333 | Y8: =AVERAGE(Y2:Y7) -> 23.75 | Z8: =AVERAGE(Z2:Z7) -> 23.716667 | AC8: Average | AD8: =AVERAGE(AD2:AD7) -> 24.95 | AE8: =AVERAGE(AE2:AE7) -> 25.166667 | AF8: =AVERAGE(AF2:AF7) -> 24 | AG8: =AVERAGE(AG2:AG7) -> 24.666667 | AJ8: Average | AK8: =AVERAGE(AK2:AK7) -> 26.15 | AL8: =AVERAGE(AL2:AL7) -> 24.8 | AM8: =AVERAGE(AM2:AM7) -> 25.633333 | AN8: =AVERAGE(AN2:AN7) -> 24.45 | AQ8: Average | AR8: =AVERAGE(AR2:AR7) -> 27.3 | AS8: =AVERAGE(AS2:AS7) -> 25.016667 | AT8: =AVERAGE(AT2:AT7) -> 26.283333 | AU8: =AVERAGE(AU2:AU7) -> 25.466667 | AX8: Average | AY8: =AVERAGE(AY2:AY7) -> 27.183333 | AZ8: =AVERAGE(AZ2:AZ7) -> 25.233333 | BA8: =AVERAGE(BA2:BA7) -> 27.066667 | BB8: =AVERAGE(BB2:BB7) -> 26.416667 | BE8: Average | BF8: =AVERAGE(BF2:BF7) -> 27.783333 | BG8: =AVERAGE(BG2:BG7) -> 25.65 | BH8: =AVERAGE(BH2:BH7) -> 27.383333 | BI8: =AVERAGE(BI2:BI7) -> 26.166667 | BL8: Average | BM8: =AVERAGE(BM2:BM7) -> 28.633333 | BN8: =AVERAGE(BN2:BN7) -> 25.633333 | BO8: =AVERAGE(BO2:BO7) -> 27.933333 | BP8: =AVERAGE(BP2:BP7) -> 27.216667 | BS8: Average | BT8: =AVERAGE(BT2:BT7) -> 29.166667 | BU8: =AVERAGE(BU2:BU7) -> 26.283333 | BV8: =AVERAGE(BV2:BV7) -> 28.5 | BW8: =AVERAGE(BW2:BW7) -> 26.716667 | BZ8: Average | CA8: =AVERAGE(CA2:CA7) -> 30.133333 | CB8: =AVERAGE(CB2:CB7) -> 26.066667 | CC8: =AVERAGE(CC2:CC7) -> 29.066667 | CD8: =AVERAGE(CD2:CD7) -> 26.7 | CG8: Average | CH8: =AVERAGE(CH2:CH7) -> 30 | CI8: =AVERAGE(CI2:CI7) -> 25.866667 | CJ8: =AVERAGE(CJ2:CJ7) -> 29.2 | CK8: =AVERAGE(CK2:CK7) -> 27.616667 | CN8: Average | CO8: =AVERAGE(CO2:CO7) -> 31.05 | CP8: =AVERAGE(CP2:CP7) -> 26.933333 | CQ8: =AVERAGE(CQ2:CQ6) -> 29.84 | CR8: =AVERAGE(CR2:CR7) -> 26.183333 | CU8: Average | CV8: =AVERAGE(CV2:CV7) -> 31.216667 | CW8: =AVERAGE(CW2:CW7) -> 27.433333 | CX8: =AVERAGE(CX2:CX6) -> 30.64 | CY8: =AVERAGE(CY2:CY7) -> 26.4 | DB8: Average | DC8: =AVERAGE(DC2:DC7) -> 32.25 | DD8: =AVERAGE(DD2:DD7) -> 26.466667 | DE8: =AVERAGE(DE2:DE6) -> 30.3 | DF8: =AVERAGE(DF2:DF7) -> 26.983333 | DI8: Average | DJ8: =AVERAGE(DJ2:DJ7) -> 32.95 | DK8: =AVERAGE(DK2:DK7) -> 27.333333 | DL8: =AVERAGE(DL2:DL6) -> 30.64 | DM8: =AVERAGE(DM2:DM7) -> 26.733333 | DP8: Average | DQ8: =AVERAGE(DQ2:DQ7) -> 33.566667 | DR8: =AVERAGE(DR2:DR7) -> 27.45 | DS8: =AVERAGE(DS2:DS6) -> 30.54 | DT8: =AVERAGE(DT2:DT7) -> 26.65 | DW8: Average | DX8: =AVERAGE(DX2:DX7) -> 34.383333 | DY8: =AVERAGE(DY2:DY7) -> 27.833333 | DZ8: =AVERAGE(DZ2:DZ6) -> 31.26 | EA8: =AVERAGE(EA2:EA7) -> 27.083333 | ED8: Average | EE8: =AVERAGE(EE2:EE7) -> 34.26 | EF8: =AVERAGE(EF2:EF7) -> 27.26 | EG8: =AVERAGE(EG2:EG6) -> 30.6 | EH8: =AVERAGE(EH2:EH7) -> 25.58 | EK8: Average | EL8: =AVERAGE(EL2:EL7) -> #DIV/0! | EM8: =AVERAGE(EM2:EM7) -> #DIV/0! | EN8: =AVERAGE(EN2:EN6) -> #DIV/0! | EO8: =AVERAGE(EO2:EO7) -> #DIV/0! | ER8: Average | ES8: =AVERAGE(ES2:ES7) -> 34.76 | ET8: =AVERAGE(ET2:ET7) -> 28 | EU8: =AVERAGE(EU2:EU6) -> 30.975 | EV8: =AVERAGE(EV2:EV7) -> 27.05 | EY8: Average | EZ8: =AVERAGE(EZ2:EZ7) -> 35.04 | FA8: =AVERAGE(FA2:FA7) -> 28.26 | FB8: =AVERAGE(FB2:FB6) -> 31.325 | FC8: =AVERAGE(FC2:FC7) -> 26.8 | FF8: Average | FG8: =AVERAGE(FG2:FG7) -> 28.8 | FH8: =AVERAGE(FH2:FH7) -> 29.2 | FI8: =AVERAGE(FI2:FI6) -> #DIV/0! | FJ8: =AVERAGE(FJ2:FJ7) -> #DIV/0! | FM8: Average | FN8: =AVERAGE(FN2:FN7) -> 32.08 | FO8: =AVERAGE(FO2:FO7) -> 29.075 | FP8: =AVERAGE(FP2:FP6) -> 30.725 | FQ8: =AVERAGE(FQ2:FQ7) -> 25.5
A9: STDEV | B9: =STDEV(B2:B7) -> 1.1933147 | C9: =STDEV(C2:C7) -> 1.8605555 | D9: =STDEV(D2:D7) -> 1.846799 | E9: =STDEV(E2:E7) -> 1.0907184 | H9: STDEV | I9: =STDEV(I2:I7) -> #DIV/0! | J9: =STDEV(J2:J7) -> #DIV/0! | K9: =STDEV(K2:K7) -> #DIV/0! | L9: =STDEV(L2:L7) -> #DIV/0! | O9: STDEV | P9: =STDEV(P2:P7) -> 1.1113055 | Q9: =STDEV(Q2:Q7) -> 1.9623116 | R9: =STDEV(R2:R7) -> 1.6104865 | S9: =STDEV(S2:S7) -> 1.6339115 | V9: STDEV | W9: =STDEV(W2:W7) -> 0.70898989 | X9: =STDEV(X2:X7) -> 2.033388 | Y9: =STDEV(Y2:Y7) -> 1.6428634 | Z9: =STDEV(Z2:Z7) -> 1.3644291 | AC9: STDEV | AD9: =STDEV(AD2:AD7) -> 1.4363147 | AE9: =STDEV(AE2:AE7) -> 2.2141966 | AF9: =STDEV(AF2:AF7) -> 1.7308957 | AG9: =STDEV(AG2:AG7) -> 1.8239152 | AJ9: STDEV | AK9: =STDEV(AK2:AK7) -> 1.1502174 | AL9: =STDEV(AL2:AL7) -> 2.2441034 | AM9: =STDEV(AM2:AM7) -> 1.740881 | AN9: =STDEV(AN2:AN7) -> 1.4761436 | AQ9: STDEV | AR9: =STDEV(AR2:AR7) -> 1.183216 | AS9: =STDEV(AS2:AS7) -> 2.0370731 | AT9: =STDEV(AT2:AT7) -> 1.7758566 | AU9: =STDEV(AU2:AU7) -> 1.3880442 | AX9: STDEV | AY9: =STDEV(AY2:AY7) -> 1.1600287 | AZ9: =STDEV(AZ2:AZ7) -> 2.0432001 | BA9: =STDEV(BA2:BA7) -> 1.7431772 | BB9: =STDEV(BB2:BB7) -> 1.3847984 | BE9: STDEV | BF9: =STDEV(BF2:BF7) -> 1.2237919 | BG9: =STDEV(BG2:BG7) -> 2.1417283 | BH9: =STDEV(BH2:BH7) -> 1.6690317 | BI9: =STDEV(BI2:BI7) -> 1.1570076 | BL9: STDEV | BM9: =STDEV(BM2:BM7) -> 1.5015547 | BN9: =STDEV(BN2:BN7) -> 2.1191193 | BO9: =STDEV(BO2:BO7) -> 1.7224014 | BP9: =STDEV(BP2:BP7) -> 1.3790093 | BS9: STDEV | BT9: =STDEV(BT2:BT7) -> 1.3793718 | BU9: =STDEV(BU2:BU7) -> 2.7169223 | BV9: =STDEV(BV2:BV7) -> 1.6589153 | BW9: =STDEV(BW2:BW7) -> 1.1720353 | BZ9: STDEV | CA9: =STDEV(CA2:CA7) -> 2.1360399 | CB9: =STDEV(CB2:CB7) -> 2.2196096 | CC9: =STDEV(CC2:CC7) -> 1.686021 | CD9: =STDEV(CD2:CD7) -> 0.84616783 | CG9: STDEV | CH9: =STDEV(CH2:CH7) -> 1.6087262 | CI9: =STDEV(CI2:CI7) -> 2.2940503 | CJ9: =STDEV(CJ2:CJ7) -> 2.0366639 | CK9: =STDEV(CK2:CK7) -> 1.068488 | CN9: STDEV | CO9: =STDEV(CO2:CO7) -> 1.8833481 | CP9: =STDEV(CP2:CP7) -> 2.1444502 | CQ9: =STDEV(CQ2:CQ6) -> 0.7733046 | CR9: =STDEV(CR2:CR7) -> 0.81342896 | CU9: STDEV | CV9: =STDEV(CV2:CV7) -> 1.9301986 | CW9: =STDEV(CW2:CW7) -> 2.328662 | CX9: =STDEV(CX2:CX6) -> 0.70569115 | CY9: =STDEV(CY2:CY7) -> 0.90553851 | DB9: STDEV | DC9: =STDEV(DC2:DC7) -> 2.3864199 | DD9: =STDEV(DD2:DD7) -> 2.0264912 | DE9: =STDEV(DE2:DE6) -> 0.73824115 | DF9: =STDEV(DF2:DF7) -> 0.36560452 | DI9: STDEV | DJ9: =STDEV(DJ2:DJ7) -> 2.4337214 | DK9: =STDEV(DK2:DK7) -> 2.0684938 | DL9: =STDEV(DL2:DL6) -> 0.86486993 | DM9: =STDEV(DM2:DM7) -> 0.65319726 | DP9: STDEV | DQ9: =STDEV(DQ2:DQ7) -> 2.585859 | DR9: =STDEV(DR2:DR7) -> 1.947049 | DS9: =STDEV(DS2:DS6) -> 0.80498447 | DT9: =STDEV(DT2:DT7) -> 0.58906706 | DW9: STDEV | DX9: =STDEV(DX2:DX7) -> 2.8223513 | DY9: =STDEV(DY2:DY7) -> 2.2348751 | DZ9: =STDEV(DZ2:DZ6) -> 1.0922454 | EA9: =STDEV(EA2:EA7) -> 0.72502874 | ED9: STDEV | EE9: =STDEV(EE2:EE7) -> 3.4724631 | EF9: =STDEV(EF2:EF7) -> 1.7672012 | EG9: =STDEV(EG2:EG6) -> 0.678233 | EH9: =STDEV(EH2:EH7) -> 1.4411801 | EK9: STDEV | EL9: =STDEV(EL2:EL6) -> #DIV/0! | EM9: =STDEV(EM2:EM7) -> #DIV/0! | EN9: =STDEV(EN2:EN6) -> #DIV/0! | EO9: =STDEV(EO2:EO7) -> #DIV/0! | ER9: STDEV | ES9: =STDEV(ES2:ES6) -> 1.397617 | ET9: =STDEV(ET2:ET7) -> 2.1691012 | EU9: =STDEV(EU2:EU6) -> 0.7804913 | EV9: =STDEV(EV2:EV7) -> 0.97467943 | EY9: STDEV | EZ9: =STDEV(EZ2:EZ6) -> 1.7211914 | FA9: =STDEV(FA2:FA7) -> 1.961632 | FB9: =STDEV(FB2:FB6) -> 1.059481 | FC9: =STDEV(FC2:FC7) -> 1.344123 | FF9: STDEV | FG9: =STDEV(FG2:FG6) -> #DIV/0! | FH9: =STDEV(FH2:FH7) -> #DIV/0! | FI9: =STDEV(FI2:FI6) -> #DIV/0! | FJ9: =STDEV(FJ2:FJ7) -> #DIV/0! | FM9: STDEV | FN9: =STDEV(FN2:FN6) -> 5.382069 | FO9: =STDEV(FO2:FO7) -> 3.2221887 | FP9: =STDEV(FP2:FP6) -> 1.5261608 | FQ9: =STDEV(FQ2:FQ7) -> 2.1656408
A10: SEM | B10: =B9/(SQRT(6)) -> 0.48716869 | C10: =C9/(SQRT(6)) -> 0.75956859 | D10: =D9/(SQRT(6)) -> 0.75395255 | E10: =E9/(SQRT(6)) -> 0.44528393 | H10: SEM | I10: =I9/(SQRT(6)) -> #DIV/0! | J10: =J9/(SQRT(6)) -> #DIV/0! | K10: =K9/(SQRT(6)) -> #DIV/0! | L10: =L9/(SQRT(6)) -> #DIV/0! | O10: SEM | P10: =P9/(SQRT(6)) -> 0.45368859 | Q10: =Q9/(SQRT(6)) -> 0.80111034 | R10: =R9/(SQRT(6)) -> 0.65747835 | S10: =S9/(SQRT(6)) -> 0.66704156 | V10: SEM | W10: =W9/(SQRT(6)) -> 0.28944391 | X10: =X9/(SQRT(6)) -> 0.83012717 | Y10: =Y9/(SQRT(6)) -> 0.67069616 | Z10: =Z9/(SQRT(6)) -> 0.55702583 | AC10: SEM | AD10: =AD9/(SQRT(6)) -> 0.58637303 | AE10: =AE9/(SQRT(6)) -> 0.90394198 | AF10: =AF9/(SQRT(6)) -> 0.70663522 | AG10: =AG9/(SQRT(6)) -> 0.74461026 | AJ10: SEM | AK10: =AK9/(SQRT(6)) -> 0.46957428 | AL10: =AL9/(SQRT(6)) -> 0.91615137 | AM10: =AM9/(SQRT(6)) -> 0.71071169 | AN10: =AN9/(SQRT(6)) -> 0.60263311 | AQ10: SEM | AR10: =AR9/(SQRT(6)) -> 0.48304589 | AS10: =AS9/(SQRT(6)) -> 0.8316316 | AT10: =AT9/(SQRT(6)) -> 0.72499042 | AU10: =AU9/(SQRT(6)) -> 0.56666667 | AX10: SEM | AY10: =AY9/(SQRT(6)) -> 0.47357975 | AZ10: =AZ9/(SQRT(6)) -> 0.83413295 | BA10: =BA9/(SQRT(6)) -> 0.7116491 | BB10: =BB9/(SQRT(6)) -> 0.56534159 | BE10: SEM | BF10: =BF9/(SQRT(6)) -> 0.49961096 | BG10: =BG9/(SQRT(6)) -> 0.87435691 | BH10: =BH9/(SQRT(6)) -> 0.68137932 | BI10: =BI9/(SQRT(6)) -> 0.47234639 | BL10: SEM | BM10: =BM9/(SQRT(6)) -> 0.61300716 | BN10: =BN9/(SQRT(6)) -> 0.86512684 | BO10: =BO9/(SQRT(6)) -> 0.70316744 | BP10: =BP9/(SQRT(6)) -> 0.56297819 | BS10: SEM | BT10: =BT9/(SQRT(6)) -> 0.56312619 | BU10: =BU9/(SQRT(6)) -> 1.1091789 | BV10: =BV9/(SQRT(6)) -> 0.67724934 | BW10: =BW9/(SQRT(6)) -> 0.47848139 | BZ10: SEM | CA10: =CA9/(SQRT(6)) -> 0.87203466 | CB10: =CB9/(SQRT(6)) -> 0.90615181 | CC10: =CC9/(SQRT(6)) -> 0.68831517 | CD10: =CD9/(SQRT(6)) -> 0.34544657 | CG10: SEM | CH10: =CH9/(SQRT(6)) -> 0.65675972 | CI10: =CI9/(SQRT(6)) -> 0.9365421 | CJ10: =CJ9/(SQRT(6)) -> 0.83146457 | CK10: =CK9/(SQRT(6)) -> 0.43620841 | CN10: SEM | CO10: =CO9/(SQRT(6)) -> 0.76887364 | CP10: =CP9/(SQRT(6)) -> 0.87546813 | CQ10: =CQ9/(SQRT(5)) -> 0.34583233 | CR10: =CR9/(SQRT(6)) -> 0.33208098 | CU10: SEM | CV10: =CV9/(SQRT(6)) -> 0.78800028 | CW10: =CW9/(SQRT(6)) -> 0.95067228 | CX10: =CX9/(SQRT(5)) -> 0.31559468 | CY10: =CY9/(SQRT(6)) -> 0.36968455 | DB10: SEM | DC10: =DC9/(SQRT(6)) -> 0.97425185 | DD10: =DD9/(SQRT(6)) -> 0.82731158 | DE10: =DE9/(SQRT(5)) -> 0.33015148 | DF10: =DF9/(SQRT(6)) -> 0.14925742 | DI10: SEM | DJ10: =DJ9/(SQRT(6)) -> 0.99356261 | DK10: =DK9/(SQRT(6)) -> 0.84445906 | DL10: =DL9/(SQRT(5)) -> 0.38678159 | DM10: =DM9/(SQRT(6)) -> 0.26666667 | DP10: SEM | DQ10: =DQ9/(SQRT(6)) -> 1.0556725 | DR10: =DR9/(SQRT(6)) -> 0.79487945 | DS10: =DS9/(SQRT(5)) -> 0.36 | DT10: =DT9/(SQRT(6)) -> 0.24048562 | DW10: SEM | DX10: =DX9/(SQRT(6)) -> 1.1522201 | DY10: =DY9/(SQRT(6)) -> 0.91238393 | DZ10: =DZ9/(SQRT(5)) -> 0.48846699 | EA10: =EA9/(SQRT(6)) -> 0.29599174 | ED10: SEM | EE10: =EE9/(SQRT(5)) -> 1.5529327 | EF10: =EF9/(SQRT(5)) -> 0.79031639 | EG10: =EG9/(SQRT(4)) -> 0.3391165 | EH10: =EH9/(SQRT(5)) -> 0.64451532 | EK10: SEM | EL10: =EL9/(SQRT(5)) -> #DIV/0! | EM10: =EM9/(SQRT(5)) -> #DIV/0! | EN10: =EN9/(SQRT(4)) -> #DIV/0! | EO10: =EO9/(SQRT(5)) -> #DIV/0! | ER10: SEM | ES10: =ES9/(SQRT(5)) -> 0.62503333 | ET10: =ET9/(SQRT(5)) -> 0.97005155 | EU10: =EU9/(SQRT(4)) -> 0.39024565 | EV10: =EV9/(SQRT(4)) -> 0.48733972 | EY10: SEM | EZ10: =EZ9/(SQRT(5)) -> 0.76974022 | FA10: =FA9/(SQRT(5)) -> 0.87726849 | FB10: =FB9/(SQRT(4)) -> 0.5297405 | FC10: =FC9/(SQRT(4)) -> 0.67206151 | FF10: SEM | FG10: =FG9/(SQRT(5)) -> #DIV/0! | FH10: =FH9/(SQRT(4)) -> #DIV/0! | FI10: =FI9/(SQRT(4)) -> #DIV/0! | FJ10: =FJ9/(SQRT(4)) -> #DIV/0! | FM10: SEM | FN10: =FN9/(SQRT(5)) -> 2.4069344 | FO10: =FO9/(SQRT(4)) -> 1.6110943 | FP10: =FP9/(SQRT(4)) -> 0.76308038 | FQ10: =FQ9/(SQRT(3)) -> 1.2503333
A11: 43325 | H11: 43329 | O11: 43332 | V11: 43339 | AC11: 43348 | AJ11: 43355 | AQ11: 43362 | AX11: 43369 | BE11: 43376 | BL11: 43385 | BS11: 43390 | BZ11: 43398 | CG11: 43404 | CN11: 43411 | CU11: 43418 | DB11: 43425 | DI11: 43432 | DP11: 43439 | DW11: 43446 | ED11: 43453 | EK11: 43462 | ER11: 43468 | EY11: 43474 | FF11: 43482 | FM11: 43487
A13: Week | B13: 0 | C13: 1 | D13: 2 | E13: 3 | F13: 4 | G13: 5 | H13: 6 | I13: 7 | J13: 8 | K13: 9 | L13: 10 | M13: 11 | N13: 12 | O13: 13 | P13: 14 | Q13: 15 | R13: 16 | S13: 17 | T13: 18 | U13: 19 | V13: 20 | W13: 21 | X13: 22 | Y13: 23
A14: AT Avg | B14: 25.3 | C14: 23.05 | D14: 24.066667 | E14: 24.95 | F14: 26.15 | G14: 27.3 | H14: 27.183333 | I14: 27.783333 | J14: 28.633333 | K14: 29.166667 | L14: 30.133333 | M14: 30 | N14: 31.05 | O14: 31.216667 | P14: 32.25 | Q14: 32.95 | R14: 33.566667 | S14: 34.383333 | T14: 34.26 | U14: n/a | V14: 34.76 | W14: 35.04 | X14: n/a | Y14: 32.08
A15: AT SEM | B15: 0.48716869 | C15: 0.45368859 | D15: 0.28944391 | E15: 0.58637303 | F15: 0.46957428 | G15: 0.48304589 | H15: 0.47357975 | I15: 0.49961096 | J15: 0.61300716 | K15: 0.56312619 | L15: 0.87203466 | M15: 0.65675972 | N15: 0.76887364 | O15: 0.78800028 | P15: 0.97425185 | Q15: 0.99356261 | R15: 1.0556725 | S15: 1.1522201 | T15: 1.5529327 | V15: 0.62503333 | W15: 0.76974022 | Y15: 2.4069344
A16: AA Avg | B16: 25.083333 | C16: 23.033333 | D16: 23.333333 | E16: 25.166667 | F16: 24.8 | G16: 25.016667 | H16: 25.233333 | I16: 25.65 | J16: 25.633333 | K16: 26.283333 | L16: 26.066667 | M16: 25.866667 | N16: 26.933333 | O16: 27.433333 | P16: 26.466667 | Q16: 27.333333 | R16: 27.45 | S16: 27.833333 | T16: 27.26 | U16: n/a | V16: 28 | W16: 28.26 | X16: n/a | Y16: 29.075
A17: AA SEM | B17: 0.75956859 | C17: 0.80111034 | D17: 0.83012717 | E17: 0.90394198 | F17: 0.91615137 | G17: 0.8316316 | H17: 0.83413295 | I17: 0.87435691 | J17: 0.86512684 | K17: 1.1091789 | L17: 0.90615181 | M17: 0.9365421 | N17: 0.87546813 | O17: 0.95067228 | P17: 0.82731158 | Q17: 0.84445906 | R17: 0.79487945 | S17: 0.91238393 | T17: 0.79031639 | V17: 0.97005155 | W17: 0.87726849 | Y17: 1.6110943
A18: LT Avg | B18: 24.033333 | C18: 22.716667 | D18: 23.75 | E18: 24 | F18: 25.633333 | G18: 26.283333 | H18: 27.066667 | I18: 27.383333 | J18: 27.933333 | K18: 28.5 | L18: 29.066667 | M18: 29.2 | N18: 29.84 | O18: 30.64 | P18: 30.3 | Q18: 30.64 | R18: 30.54 | S18: 31.26 | T18: 30.6 | U18: n/a | V18: 30.975 | W18: 31.325 | X18: n/a | Y18: 30.725
A19: LT SEM | B19: 0.75395255 | C19: 0.65747835 | D19: 0.67069616 | E19: 0.70663522 | F19: 0.71071169 | G19: 0.72499042 | H19: 0.7116491 | I19: 0.68137932 | J19: 0.70316744 | K19: 0.67724934 | L19: 0.68831517 | M19: 0.83146457 | N19: 0.34583233 | O19: 0.31559468 | P19: 0.33015148 | Q19: 0.38678159 | R19: 0.36 | S19: 0.48846699 | T19: 0.3391165 | V19: 0.39024565 | W19: 0.5297405 | Y19: 0.76308038
A20: LA Avg | B20: 23.983333 | C20: 23.316667 | D20: 23.716667 | E20: 24.666667 | F20: 24.45 | G20: 25.466667 | H20: 26.416667 | I20: 26.166667 | J20: 27.216667 | K20: 26.716667 | L20: 26.7 | M20: 27.616667 | N20: 26.183333 | O20: 26.4 | P20: 26.983333 | Q20: 26.733333 | R20: 26.65 | S20: 27.083333 | T20: 25.58 | U20: n/a | V20: 27.05 | W20: 26.8 | X20: n/a | Y20: 25.5
A21: LA SEM | B21: 0.44528393 | C21: 0.66704156 | D21: 0.55702583 | E21: 0.74461026 | F21: 0.60263311 | G21: 0.56666667 | H21: 0.56534159 | I21: 0.47234639 | J21: 0.56297819 | K21: 0.47848139 | L21: 0.34544657 | M21: 0.43620841 | N21: 0.33208098 | O21: 0.36968455 | P21: 0.14925742 | Q21: 0.26666667 | R21: 0.24048562 | S21: 0.29599174 | T21: 0.64451532 | V21: 0.48733972 | W21: 0.67206151 | Y21: 1.2503333
A25: Week | B25: 0 | C25: 1 | D25: 2 | E25: 3 | F25: 4 | G25: 5 | H25: 6 | I25: 7 | J25: 8 | K25: 9 | L25: 10 | M25: 11 | N25: 12 | O25: 13 | P25: 14 | Q25: 15 | R25: 16 | S25: 17 | T25: 18 | U25: 19 | V25: 20 | W25: 21 | X25: 22 | Y25: 23
A26: AT Avg | B26: 25.3 | C26: 23.05 | D26: 24.066667 | E26: 24.95 | F26: 26.15 | G26: 27.3 | H26: 27.183333 | I26: 27.783333 | J26: 28.633333 | K26: 29.166667 | L26: 30.133333 | M26: 30 | N26: 31.05 | O26: 31.216667 | P26: 32.25 | Q26: 32.95 | R26: 33.566667 | S26: 34.383333 | T26: 34.26 | V26: 34.76 | W26: 35.04 | Y26: 32.08
A27: AA Avg | B27: 25.083333 | C27: 23.033333 | D27: 23.333333 | E27: 25.166667 | F27: 24.8 | G27: 25.016667 | H27: 25.233333 | I27: 25.65 | J27: 25.633333 | K27: 26.283333 | L27: 26.066667 | M27: 25.866667 | N27: 26.933333 | O27: 27.433333 | P27: 26.466667 | Q27: 27.333333 | R27: 27.45 | S27: 27.833333 | T27: 27.26 | V27: 28 | W27: 28.26 | Y27: 29.075
A28: LT Avg | B28: 24.033333 | C28: 22.716667 | D28: 23.75 | E28: 24 | F28: 25.633333 | G28: 26.283333 | H28: 27.066667 | I28: 27.383333 | J28: 27.933333 | K28: 28.5 | L28: 29.066667 | M28: 29.2 | N28: 29.84 | O28: 30.64 | P28: 30.3 | Q28: 30.64 | R28: 30.54 | S28: 31.26 | T28: 30.6 | V28: 30.975 | W28: 31.325 | Y28: 30.725
A29: LA Avg | B29: 23.983333 | C29: 23.316667 | D29: 23.716667 | E29: 24.666667 | F29: 24.45 | G29: 25.466667 | H29: 26.416667 | I29: 26.166667 | J29: 27.216667 | K29: 26.716667 | L29: 26.7 | M29: 27.616667 | N29: 26.183333 | O29: 26.4 | P29: 26.983333 | Q29: 26.733333 | R29: 26.65 | S29: 27.083333 | T29: 25.58 | V29: 27.05 | W29: 26.8 | Y29: 25.5

Sheet Food Consumed
A1: Week 1 | B1: AT-pre | C1: AT-post | D1: AT-diff | E1: AA-pre | F1: AA-post | G1: AA-diff | H1: LT-pre | I1: LT-post | J1: LT-diff | K1: LA-pre | L1: LA-post | M1: LA-diff | N1: 8/17/2018-8/20/2018 | Q1: Week | R1: 1 | S1: 2 | T1: 3 | U1: 4 | V1: 5 | W1: 6 | X1: 7 | Y1: 8 | Z1: 9 | AA1: 10 | AB1: 11 | AC1: 12 | AD1: 13 | AE1: 14 | AF1: 15 | AG1: 16 | AH1: 17 | AI1: 18 | AJ1: 19 | AK1: 20 | AL1: 21 | AM1: 22 | AN1: 23 | AQ1: Week | AR1: 1 | AS1: 2 | AT1: 3 | AU1: 8 | AV1: 10 | AW1: 11 | AX1: 12 | AY1: 13 | AZ1: 14 | BA1: 15 | BB1: 16 | BC1: 17 | BD1: 18 | BE1: 19 | BF1: 20 | BG1: 21 | BH1: 23
A2: 1 | B2: 353.6 | C2: 312.9 | D2: =((B2-C2)/4)/3 -> 3.3916667 | E2: 408 | F2: 392.3 | G2: =((E2-F2)/4)/3 -> 1.3083333 | H2: 409.4 | I2: 390.4 | J2: =((H2-I2)/3)/3 -> 2.1111111 | K2: 387 | L2: 371.7 | M2: =((K2-L2)/3)/3 -> 1.7 | N2: 3 days | Q2: AT Avg | R2: 2.7708333 | S2: 2.0107143 | T2: 2.6930556 | U2: 4.8892857 | V2: 2.4875 | W2: 2.4214286 | X2: 2.4303571 | Y2: 2.4236111 | Z2: 2.17 | AA2: 2.49375 | AB2: 2.3375 | AC2: 3.0142857 | AD2: 2.9535714 | AE2: 2.5071429 | AF2: 2.7964286 | AG2: 2.9410714 | AH2: 2.9089286 | AI2: 3.4464286 | AJ2: 3.7546296 | AK2: 2.7819444 | AL2: 2.9194444 | AM2: metabolic cages | AN2: 3.6083333 | AQ2: AT Avg | AR2: 2.7708333 | AS2: 2.0107143 | AT2: 2.6930556 | AU2: 2.4236111 | AV2: 2.49375 | AW2: 2.3375 | AX2: 3.0142857 | AY2: 2.9535714 | AZ2: 2.5071429 | BA2: 2.7964286 | BB2: 2.9410714 | BC2: 2.9089286 | BD2: 3.4464286 | BE2: 3.7546296 | BF2: 2.7819444 | BG2: 2.9194444 | BH2: 3.6083333
A3: 2 | B3: 334.2 | C3: 321.3 | D3: =((B3-C3)/2)/3 -> 2.15 | E3: 388 | F3: 379.9 | G3: =((E3-F3)/2)/3 -> 1.35 | H3: 376.4 | I3: 358.2 | J3: =((H3-I3)/3)/3 -> 2.0222222 | K3: 363.4 | L3: 349.4 | M3: =((K3-L3)/3)/3 -> 1.5555556 | Q3: AT SEM | R3: 0.62083333 | S3: 0.21071429 | T3: 0.18194444 | U3: 3.1107143 | V3: 0.23035714 | W3: 0.15 | X3: 0.076785714 | Y3: 0.0041666667 | Z3: 0.84 | AA3: 0.0875 | AB3: 0.029166667 | AC3: 0.12857143 | AD3: 0.16071429 | AE3: 0.12857143 | AF3: 0.060714286 | AG3: 0.1125 | AH3: 0.041071429 | AI3: 0.40357143 | AJ3: 0.28425926 | AK3: 0.040277778 | AL3: 0.0027777778 | AM3: metabolic cages | AN3: 0.34166667 | AQ3: AT SEM | AR3: 0.62083333 | AS3: 0.21071429 | AT3: 0.18194444 | AU3: 0.0041666667 | AV3: 0.0875 | AW3: 0.029166667 | AX3: 0.12857143 | AY3: 0.16071429 | AZ3: 0.12857143 | BA3: 0.060714286 | BB3: 0.1125 | BC3: 0.041071429 | BD3: 0.40357143 | BE3: 0.28425926 | BF3: 0.040277778 | BG3: 0.0027777778 | BH3: 0.34166667
A4: Avg | D4: =AVERAGE(D2:D3) -> 2.7708333 | G4: =AVERAGE(G2:G3) -> 1.3291667 | J4: =AVERAGE(J2:J3) -> 2.0666667 | M4: =AVERAGE(M2:M3) -> 1.6277778 | Q4: AA Avg | R4: 1.3291667 | S4: 3.4892857 | T4: 2.1791667 | U4: 6.3267857 | V4: 4.8785714 | W4: 6.0392857 | X4: -3.5732143 | Y4: 2.2888889 | Z4: 0.92 | AA4: 2.2328125 | AB4: 2.0861111 | AC4: 2.6214286 | AD4: 3.4714286 | AE4: 2.5928571 | AF4: 2.5095238 | AG4: 3.1952381 | AH4: 2.4261905 | AI4: 3.5 | AJ4: 3.3407407 | AK4: 3.0138889 | AL4: 3.15 | AM4: metabolic cages | AN4: 4.44 | AQ4: AA Avg | AR4: 1.3291667 | AS4: 3.4892857 | AT4: 2.1791667 | AU4: 2.2888889 | AV4: 2.2328125 | AW4: 2.0861111 | AX4: 2.6214286 | AY4: 3.4714286 | AZ4: 2.5928571 | BA4: 2.5095238 | BB4: 3.1952381 | BC4: 2.4261905 | BD4: 3.5 | BE4: 3.3407407 | BF4: 3.0138889 | BG4: 3.15 | BH4: 4.44
A5: Stdev | D5: =STDEV(D2:D3) -> 0.87799092 | G5: =STDEV(G2:G3) -> 0.029462783 | J5: =STDEV(J2:J3) -> 0.062853936 | M5: =STDEV(M2:M3) -> 0.10213765 | Q5: AA SEM | R5: 0.020833333 | S5: 0.91785714 | T5: 0.60972222 | U5: 2.9767857 | V5: 2.4714286 | W5: 10.639286 | X5: 8.7196429 | Y5: 0.055555556 | Z5: 1.95 | AA5: 0.1578125 | AB5: 0.11630234 | AC5: 0.20999676 | AD5: 0.35573532 | AE5: 0.30664411 | AF5: 0.25981853 | AG5: 0.26394229 | AH5: 0.04130798 | AI5: 0.64611608 | AJ5: 0.23518519 | AK5: 0.27639936 | AL5: 0.26943013 | AM5: metabolic cages | AN5: 0.18 | AQ5: AA SEM | AR5: 0.020833333 | AS5: 0.91785714 | AT5: 0.60972222 | AU5: 0.055555556 | AV5: 0.1578125 | AW5: 0.11630234 | AX5: 0.20999676 | AY5: 0.35573532 | AZ5: 0.30664411 | BA5: 0.25981853 | BB5: 0.26394229 | BC5: 0.04130798 | BD5: 0.64611608 | BE5: 0.23518519 | BF5: 0.27639936 | BG5: 0.26943013 | BH5: 0.18
A6: SEM | D6: =D5/(SQRT(2)) -> 0.62083333 | G6: =G5/(SQRT(2)) -> 0.020833333 | J6: =J5/(SQRT(2)) -> 0.044444444 | M6: =M5/(SQRT(2)) -> 0.072222222 | Q6: LT Avg | R6: 2.0666667 | S6: 4.9888889 | T6: 2.2777778 | U6: 2.2714286 | V6: 2.402381 | W6: 2.497619 | X6: 2.6380952 | Y6: 3.0055556 | Z6: 1.21 | AA6: 2.8666667 | AB6: 2.3833333 | AC6: 3.2059524 | AD6: 3.1928571 | AE6: 2.6095238 | AF6: 1.4678571 | AG6: 2.9214286 | AH6: 2.8761905 | AI6: 3.1178571 | AJ6: 3.5111111 | AK6: 2.8125 | AL6: 2.9791667 | AM6: metabolic cages | AN6: 3.89 | AQ6: LT Avg | AR6: 2.0666667 | AS6: 4.9888889 | AT6: 2.2777778 | AU6: 3.0055556 | AV6: 2.8666667 | AW6: 2.3833333 | AX6: 3.2059524 | AY6: 3.1928571 | AZ6: 2.6095238 | BA6: 1.4678571 | BB6: 2.9214286 | BC6: 2.8761905 | BD6: 3.1178571 | BE6: 3.5111111 | BF6: 2.8125 | BG6: 2.9791667 | BH6: 3.89
Q7: LT SEM | R7: 0.044444444 | S7: 0.48888889 | T7: 0.21481481 | U7: 0.052380952 | V7: 0.035714286 | W7: 0.045238095 | X7: 0.028571429 | Y7: 0.0092592593 | Z7: 2.0033333 | AA7: 0.15416667 | AB7: 0.083333333 | AC7: 0.17261905 | AD7: 0.33571429 | AE7: 0.12380952 | AF7: 1.1464286 | AG7: 0.13571429 | AH7: 0.22380952 | AI7: 0.060714286 | AJ7: 0.044444444 | AK7: 0.0875 | AL7: 0.1375 | AM7: metabolic cages | AN7: 0.28 | AQ7: LT SEM | AR7: 0.044444444 | AS7: 0.48888889 | AT7: 0.21481481 | AU7: 0.0092592593 | AV7: 0.15416667 | AW7: 0.083333333 | AX7: 0.17261905 | AY7: 0.33571429 | AZ7: 0.12380952 | BA7: 1.1464286 | BB7: 0.13571429 | BC7: 0.22380952 | BD7: 0.060714286 | BE7: 0.044444444 | BF7: 0.0875 | BG7: 0.1375 | BH7: 0.28
A8: Week 2 | B8: AT-pre | C8: AT-post | D8: AT-diff | E8: AA-pre | F8: AA-post | G8: AA-diff | H8: LT-pre | I8: LT-post | J8: LT-diff | K8: LA-pre | L8: LA-post | M8: LA-diff | N8: 8/20/2018-8/27/2018 | Q8: LA Avg | R8: 1.6277778 | S8: 4.5444444 | T8: 2.937037 | U8: 2.2952381 | V8: 3.0857143 | W8: 3.5190476 | X8: 2.6142857 | Y8: 2.4296296 | Z8: -2.9433333 | AA8: 2.6458333 | AB8: 2.1694444 | AC8: 3.0095238 | AD8: 2.7619048 | AE8: 2.2928571 | AF8: 2.6833333 | AG8: 2.4547619 | AH8: 2.0238095 | AI8: 2.4785714 | AJ8: 2.8481481 | AK8: 2.4583333 | AL8: 2.4111111 | AM8: metabolic cages | AN8: 3.81625 | AQ8: LA Avg | AR8: 1.6277778 | AS8: 4.5444444 | AT8: 2.937037 | AU8: 2.4296296 | AV8: 2.6458333 | AW8: 2.1694444 | AX8: 3.0095238 | AY8: 2.7619048 | AZ8: 2.2928571 | BA8: 2.6833333 | BB8: 2.4547619 | BC8: 2.0238095 | BD8: 2.4785714 | BE8: 2.8481481 | BF8: 2.4583333 | BG8: 2.4111111 | BH8: 3.81625
A9: 1 | B9: 312.9 | C9: 250.7 | D9: =((B9-C9)/4)/7 -> 2.2214286 | E9: 392.3 | F9: 268.9 | G9: =((E9-F9)/4)/7 -> 4.4071429 | H9: 390.4 | I9: 349.9 | J9: =((H9-I9)/3)/3 -> 4.5 | K9: 371.7 | L9: 324.2 | M9: =((K9-L9)/3)/3 -> 5.2777778 | N9: 7 days | Q9: LA SEM | R9: 0.072222222 | S9: 0.73333333 | T9: 0.56296296 | U9: 0.56666667 | V9: 0.94761905 | W9: 1.052381 | X9: 0.41904762 | Y9: 0.22962963 | Z9: 1.5633333 | AA9: 0.21666667 | AB9: 0.15277778 | AC9: 0.2952381 | AD9: 0.22380952 | AE9: 0.04047619 | AF9: 0.62142857 | AG9: 0.045238095 | AH9: 0.019047619 | AI9: 0.19285714 | AJ9: 0.56296296 | AK9: 0.10833333 | AL9: 0.12222222 | AM9: metabolic cages | AN9: 0.49625 | AQ9: LA SEM | AR9: 0.072222222 | AS9: 0.73333333 | AT9: 0.56296296 | AU9: 0.22962963 | AV9: 0.21666667 | AW9: 0.15277778 | AX9: 0.2952381 | AY9: 0.22380952 | AZ9: 0.04047619 | BA9: 0.62142857 | BB9: 0.045238095 | BC9: 0.019047619 | BD9: 0.19285714 | BE9: 0.56296296 | BF9: 0.10833333 | BG9: 0.12222222 | BH9: 0.49625
A10: 2 | B10: 321.3 | C10: 296.1 | D10: =((B10-C10)/2)/7 -> 1.8 | E10: 379.9 | F10: 343.9 | G10: =((E10-F10)/2)/7 -> 2.5714286 | H10: 358.2 | I10: 308.9 | J10: =((H10-I10)/3)/3 -> 5.4777778 | K10: 349.4 | L10: 315.1 | M10: =((K10-L10)/3)/3 -> 3.8111111
A11: Avg | D11: =AVERAGE(D9:D10) -> 2.0107143 | G11: =AVERAGE(G9:G10) -> 3.4892857 | J11: =AVERAGE(J9:J10) -> 4.9888889 | M11: =AVERAGE(M9:M10) -> 4.5444444
A12: Stdev | D12: =STDEV(D9:D10) -> 0.297995 | G12: =STDEV(G9:G10) -> 1.298046 | J12: =STDEV(J9:J10) -> 0.6913933 | M12: =STDEV(M9:M10) -> 1.0370899
A13: SEM | D13: =D12/(SQRT(2)) -> 0.21071429 | G13: =G12/(SQRT(2)) -> 0.91785714 | J13: =J12/(SQRT(2)) -> 0.48888889 | M13: =M12/(SQRT(2)) -> 0.73333333
A15: Week 3 | B15: AT-pre | C15: AT-post | D15: AT-diff | E15: AA-pre | F15: AA-post | G15: AA-diff | H15: LT-pre | I15: LT-post | J15: LT-diff | K15: LA-pre | L15: LA-post | M15: LA-diff | N15: 8/27/2018-9/5/2018
A16: 1 | B16: 562 | C16: 458.5 | D16: =((B16-C16)/4)/9 -> 2.875 | E16: 504.5 | F16: 448 | G16: =((E16-F16)/4)/9 -> 1.5694444 | H16: 515.3 | I16: 448 | J16: =((H16-I16)/3)/9 -> 2.4925926 | K16: 539.8 | L16: 445.3 | M16: =((K16-L16)/3)/9 -> 3.5 | N16: 9 days
A17: 2 | B17: 520.6 | C17: 475.4 | D17: =((B17-C17)/2)/9 -> 2.5111111 | E17: 556.9 | F17: 506.7 | G17: =((E17-F17)/2)/9 -> 2.7888889 | H17: 562.4 | I17: 506.7 | J17: =((H17-I17)/3)/9 -> 2.062963 | K17: 522.8 | L17: 458.7 | M17: =((K17-L17)/3)/9 -> 2.3740741
A18: Avg | D18: =AVERAGE(D16:D17) -> 2.6930556 | G18: =AVERAGE(G16:G17) -> 2.1791667 | J18: =AVERAGE(J16:J17) -> 2.2777778 | M18: =AVERAGE(M16:M17) -> 2.937037
A19: Stdev | D19: =STDEV(D16:D17) -> 0.2573083 | G19: =STDEV(G16:G17) -> 0.86227744 | J19: =STDEV(J16:J17) -> 0.30379402 | M19: =STDEV(M16:M17) -> 0.79614986
A20: SEM | D20: =D19/(SQRT(2)) -> 0.18194444 | G20: =G19/(SQRT(2)) -> 0.60972222 | J20: =J19/(SQRT(2)) -> 0.21481481 | M20: =M19/(SQRT(2)) -> 0.56296296
A22: Week 4 | B22: AT-pre | C22: AT-post | D22: AT-diff | E22: AA-pre | F22: AA-post | G22: AA-diff | H22: LT-pre | I22: LT-post | J22: LT-diff | K22: LA-pre | L22: LA-post | M22: LA-diff | N22: 9/5/2018-9/12/2018
A23: 1 | B23: 458.5 | C23: 234.5 | D23: =((B23-C23)/4)/7 -> 8 | E23: 448 | F23: 187.5 | G23: =((E23-F23)/4)/7 -> 9.3035714 | H23: 448 | I23: 399.2 | J23: =((H23-I23)/3)/7 -> 2.3238095 | K23: 445.3 | L23: 385.2 | M23: =((K23-L23)/3)/7 -> 2.8619048 | N23: 7 days
A24: 2 | B24: 475.4 | C24: 450.5 | D24: =((B24-C24)/2)/7 -> 1.7785714 | E24: 506.7 | F24: 459.8 | G24: =((E24-F24)/2)/7 -> 3.35 | H24: 506.7 | I24: 460.1 | J24: =((H24-I24)/3)/7 -> 2.2190476 | K24: 458.7 | L24: 422.4 | M24: =((K24-L24)/3)/7 -> 1.7285714 | N24: AT and AA post food weights?? (so much consumed, is that realistic?)
A25: Avg | D25: =AVERAGE(D23:D24) -> 4.8892857 | G25: =AVERAGE(G23:G24) -> 6.3267857 | J25: =AVERAGE(J23:J24) -> 2.2714286 | M25: =AVERAGE(M23:M24) -> 2.2952381 | N25: was food dumped out and replaced without a comment? May need to throw out this timepoint
A26: Stdev | D26: =STDEV(D23:D24) -> 4.3992143 | G26: =STDEV(G23:G24) -> 4.2098107 | J26: =STDEV(J23:J24) -> 0.074077853 | M26: =STDEV(M23:M24) -> 0.80138769
A27: SEM | D27: =D26/(SQRT(2)) -> 3.1107143 | G27: =G26/(SQRT(2)) -> 2.9767857 | J27: =J26/(SQRT(2)) -> 0.052380952 | M27: =M26/(SQRT(2)) -> 0.56666667
A29: Week 5 | B29: AT-pre | C29: AT-post | D29: AT-diff | E29: AA-pre | F29: AA-post | G29: AA-diff | H29: LT-pre | I29: LT-post | J29: LT-diff | K29: LA-pre | L29: LA-post | M29: LA-diff | N29: 9/12/2018-9/19/2018
A30: 1 | B30: 484 | C30: 407.9 | D30: =((B30-C30)/4)/7 -> 2.7178571 | E30: 448.7 | F30: 242.9 | G30: =((E30-F30)/4)/7 -> 7.35 | H30: 399.2 | I30: 349.5 | J30: =((H30-I30)/3)/7 -> 2.3666667 | K30: 385.2 | L30: 300.5 | M30: =((K30-L30)/3)/7 -> 4.0333333 | N30: 7 days
A31: 2 | B31: 450.5 | C31: 418.9 | D31: =((B31-C31)/2)/7 -> 2.2571429 | E31: 459.8 | F31: 426.1 | G31: =((E31-F31)/2)/7 -> 2.4071429 | H31: 460.1 | I31: 408.9 | J31: =((H31-I31)/3)/7 -> 2.4380952 | K31: 422.4 | L31: 377.5 | M31: =((K31-L31)/3)/7 -> 2.1380952 | N31: AA post food weights?? (so much consumed, is that realistic?)
A32: Avg | D32: =AVERAGE(D30:D31) -> 2.4875 | G32: =AVERAGE(G30:G31) -> 4.8785714 | J32: =AVERAGE(J30:J31) -> 2.402381 | M32: =AVERAGE(M30:M31) -> 3.0857143 | N32: was food dumped out and replaced without a comment? May need to throw out this timepoint
A33: Stdev | D33: =STDEV(D30:D31) -> 0.3257742 | G33: =STDEV(G30:G31) -> 3.4951278 | J33: =STDEV(J30:J31) -> 0.050507627 | M33: =STDEV(M30:M31) -> 1.3401357
A34: SEM | D34: =D33/(SQRT(2)) -> 0.23035714 | G34: =G33/(SQRT(2)) -> 2.4714286 | J34: =J33/(SQRT(2)) -> 0.035714286 | M34: =M33/(SQRT(2)) -> 0.94761905
A36: Week 6 | B36: AT-pre | C36: AT-post | D36: AT-diff | E36: AA-pre | F36: AA-post | G36: AA-diff | H36: LT-pre | I36: LT-post | J36: LT-diff | K36: LA-pre | L36: LA-post | M36: LA-diff | N36: 9/19/2018-9/26/2018
A37: 1 | B37: 407.9 | C37: 335.9 | D37: =((B37-C37)/4)/7 -> 2.5714286 | E37: 242.9 | F37: 371.7 | G37: =((E37-F37)/4)/7 -> -4.6 | H37: 349.5 | I37: 296.1 | J37: =((H37-I37)/3)/7 -> 2.5428571 | K37: 300.5 | L37: 248.7 | M37: =((K37-L37)/3)/7 -> 2.4666667 | N37: 7 days
A38: 2 | B38: 418.9 | C38: 387.1 | D38: =((B38-C38)/2)/7 -> 2.2714286 | E38: 426.1 | F38: 192.6 | G38: =((E38-F38)/2)/7 -> 16.678571 | H38: 408.9 | I38: 357.4 | J38: =((H38-I38)/3)/7 -> 2.452381 | K38: 377.5 | L38: 281.5 | M38: =((K38-L38)/3)/7 -> 4.5714286 | N38: AA post food weights?? (so much consumed, is that realistic?)
A39: Avg | D39: =AVERAGE(D37:D38) -> 2.4214286 | G39: =AVERAGE(G37:G38) -> 6.0392857 | J39: =AVERAGE(J37:J38) -> 2.497619 | M39: =AVERAGE(M37:M38) -> 3.5190476 | N39: was food dumped out and replaced without a comment? May need to throw out this timepoint
A40: Stdev | D40: =STDEV(D37:D38) -> 0.21213203 | G40: =STDEV(G37:G38) -> 15.046222 | J40: =STDEV(J37:J38) -> 0.063976328 | M40: =STDEV(M37:M38) -> 1.4882914 | N40: have to throw out this timepoint--AA had food added
A41: SEM | D41: =D40/(SQRT(2)) -> 0.15 | G41: =G40/(SQRT(2)) -> 10.639286 | J41: =J40/(SQRT(2)) -> 0.045238095 | M41: =M40/(SQRT(2)) -> 1.052381
A43: Week 7 | B43: AT-pre | C43: AT-post | D43: AT-diff | E43: AA-pre | F43: AA-post | G43: AA-diff | H43: LT-pre | I43: LT-post | J43: LT-diff | K43: LA-pre | L43: LA-post | M43: LA-diff | N43: 9/26/2018-10/3/2018
A44: 1 | B44: 335.9 | C44: 270 | D44: =((B44-C44)/4)/7 -> 2.3535714 | E44: 371.7 | F44: 227.6 | G44: =((E44-F44)/4)/7 -> 5.1464286 | H44: 296.1 | I44: 241.3 | J44: =((H44-I44)/3)/7 -> 2.6095238 | K44: 248.7 | L44: 202.6 | M44: =((K44-L44)/3)/7 -> 2.1952381 | N44: 7 days
A45: 2 | B45: 387.1 | C45: 352 | D45: =((B45-C45)/2)/7 -> 2.5071429 | E45: 192.6 | F45: 364.7 | G45: =((E45-F45)/2)/7 -> -12.292857 | H45: 357.4 | I45: 301.4 | J45: =((H45-I45)/3)/7 -> 2.6666667 | K45: 281.5 | L45: 217.8 | M45: =((K45-L45)/3)/7 -> 3.0333333 | N45: AA post food weights?
A46: Avg | D46: =AVERAGE(D44:D45) -> 2.4303571 | G46: =AVERAGE(G44:G45) -> -3.5732143 | J46: =AVERAGE(J44:J45) -> 2.6380952 | M46: =AVERAGE(M44:M45) -> 2.6142857 | N46: have to throw out this timepoint--AA had food added
A47: Stdev | D47: =STDEV(D44:D45) -> 0.1085914 | G47: =STDEV(G44:G45) -> 12.331437 | J47: =STDEV(J44:J45) -> 0.040406102 | M47: =STDEV(M44:M45) -> 0.59262283
A48: SEM | D48: =D47/(SQRT(2)) -> 0.076785714 | G48: =G47/(SQRT(2)) -> 8.7196429 | J48: =J47/(SQRT(2)) -> 0.028571429 | M48: =M47/(SQRT(2)) -> 0.41904762
A50: Week 8 | B50: AT-pre | C50: AT-post | D50: AT-diff | E50: AA-pre | F50: AA-post | G50: AA-diff | H50: LT-pre | I50: LT-post | J50: LT-diff | K50: LA-pre | L50: LA-post | M50: LA-diff | N50: 10/3/2018-10/12/2018
A51: 1 | B51: 270 | C51: 182.9 | D51: =((B51-C51)/4)/9 -> 2.4194444 | E51: 227.6 | F51: 143.2 | G51: =((E51-F51)/4)/9 -> 2.3444444 | H51: 241.3 | I51: 160.4 | J51: =((H51-I51)/3)/9 -> 2.9962963 | K51: 202.6 | L51: 143.2 | M51: =((K51-L51)/3)/9 -> 2.2 | N51: 9 days
A52: 2 | B52: 352 | C52: 308.3 | D52: =((B52-C52)/2)/9 -> 2.4277778 | E52: 364.7 | F52: 324.5 | G52: =((E52-F52)/2)/9 -> 2.2333333 | H52: 301.4 | I52: 220 | J52: =((H52-I52)/3)/9 -> 3.0148148 | K52: 217.8 | L52: 146 | M52: =((K52-L52)/3)/9 -> 2.6592593
A53: Avg | D53: =AVERAGE(D51:D52) -> 2.4236111 | G53: =AVERAGE(G51:G52) -> 2.2888889 | J53: =AVERAGE(J51:J52) -> 3.0055556 | M53: =AVERAGE(M51:M52) -> 2.4296296
A54: Stdev | D54: =STDEV(D51:D52) -> 0.0058925565 | G54: =STDEV(G51:G52) -> 0.07856742 | J54: =STDEV(J51:J52) -> 0.01309457 | M54: =STDEV(M51:M52) -> 0.32474534
A55: SEM | D55: =D54/(SQRT(2)) -> 0.0041666667 | G55: =G54/(SQRT(2)) -> 0.055555556 | J55: =J54/(SQRT(2)) -> 0.0092592593 | M55: =M54/(SQRT(2)) -> 0.22962963
A57: Week 9 | B57: AT-pre | C57: AT-post | D57: AT-diff | E57: AA-pre | F57: AA-post | G57: AA-diff | H57: LT-pre | I57: LT-post | J57: LT-diff | K57: LA-pre | L57: LA-post | M57: LA-diff | N57: 10/12/2018-10/17/2018
A58: 1 | B58: 182.9 | C58: 156.3 | D58: =((B58-C58)/4)/5 -> 1.33 | E58: 143.2 | F58: 163.8 | G58: =((E58-F58)/4)/5 -> -1.03 | H58: 160.4 | I58: 172.3 | J58: =((H58-I58)/3)/5 -> -0.79333333 | K58: 143.2 | L58: 210.8 | M58: =((K58-L58)/3)/5 -> -4.5066667 | N58: 5 days
A59: 2 | B59: 308.3 | C59: 278.2 | D59: =((B59-C59)/2)/5 -> 3.01 | E59: 324.5 | F59: 295.8 | G59: =((E59-F59)/2)/5 -> 2.87 | H59: 220 | I59: 171.8 | J59: =((H59-I59)/3)/5 -> 3.2133333 | K59: 146 | L59: 166.7 | M59: =((K59-L59)/3)/5 -> -1.38 | N59: AA, LT, LA post food weights?
A60: Avg | D60: =AVERAGE(D58:D59) -> 2.17 | G60: =AVERAGE(G58:G59) -> 0.92 | J60: =AVERAGE(J58:J59) -> 1.21 | M60: =AVERAGE(M58:M59) -> -2.9433333 | N60: have to throw out this timepoint-LT and LA had food added
A61: Stdev | D61: =STDEV(D58:D59) -> 1.1879394 | G61: =STDEV(G58:G59) -> 2.7577164 | J61: =STDEV(J58:J59) -> 2.8331412 | M61: =STDEV(M58:M59) -> 2.2108872
A62: SEM | D62: =D61/(SQRT(2)) -> 0.84 | G62: =G61/(SQRT(2)) -> 1.95 | J62: =J61/(SQRT(2)) -> 2.0033333 | M62: =M61/(SQRT(2)) -> 1.5633333
A64: Week 10 | B64: AT-pre | C64: AT-post | D64: AT-diff | E64: AA-pre | F64: AA-post | G64: AA-diff | H64: LT-pre | I64: LT-post | J64: LT-diff | K64: LA-pre | L64: LA-post | M64: LA-diff | N64: 10/17/2018-10/25/2018
A65: 1 | B65: 156.3 | C65: 73.7 | D65: =((B65-C65)/4)/8 -> 2.58125 | E65: 163.8 | F65: 87.3 | G65: =((E65-F65)/4)/8 -> 2.390625 | H65: 172.3 | I65: 107.2 | J65: =((H65-I65)/3)/8 -> 2.7125 | K65: 210.8 | L65: 152.5 | M65: =((K65-L65)/3)/8 -> 2.4291667 | N65: 8 days
A66: 2 | B66: 278.2 | C66: 239.7 | D66: =((B66-C66)/2)/8 -> 2.40625 | E66: 295.8 | F66: 262.6 | G66: =((E66-F66)/2)/8 -> 2.075 | H66: 171.8 | I66: 99.3 | J66: =((H66-I66)/3)/8 -> 3.0208333 | K66: 166.7 | L66: 98 | M66: =((K66-L66)/3)/8 -> 2.8625
A67: Avg | D67: =AVERAGE(D65:D66) -> 2.49375 | G67: =AVERAGE(G65:G66) -> 2.2328125 | J67: =AVERAGE(J65:J66) -> 2.8666667 | M67: =AVERAGE(M65:M66) -> 2.6458333
A68: Stdev | D68: =STDEV(D65:D66) -> 0.12374369 | G68: =STDEV(G65:G66) -> 0.22318058 | J68: =STDEV(J65:J66) -> 0.21802459 | M68: =STDEV(M65:M66) -> 0.30641294
A69: SEM | D69: =D68/(SQRT(2)) -> 0.0875 | G69: =G68/(SQRT(2)) -> 0.1578125 | J69: =J68/(SQRT(2)) -> 0.15416667 | M69: =M68/(SQRT(2)) -> 0.21666667
A71: Week 11 | B71: AT-pre | C71: AT-post | D71: AT-diff | E71: AA-pre | F71: AA-post | G71: AA-diff | H71: LT-pre | I71: LT-post | J71: LT-diff | K71: LA-pre | L71: LA-post | M71: LA-diff | N71: 10/25/2018-10/31/2018
A72: 1 | B72: 220.6 | C72: 165.2 | D72: =((B72-C72)/4)/6 -> 2.3083333 | E72: 158.5 | F72: 139.5 | G72: =((E72-F72)/2)/5 -> 1.9 | H72: 231.5 | I72: 190.1 | J72: =((H72-I72)/3)/6 -> 2.3 | K72: 310.5 | L72: 274.2 | M72: =((K72-L72)/3)/6 -> 2.0166667 | N72: 6 days
A73: 2 | B73: 239.7 | C73: 211.3 | D73: =((B73-C73)/2)/6 -> 2.3666667 | E73: 262.6 | F73: 237.9 | G73: =((E73-F73)/2)/6 -> 2.0583333 | H73: 292.5 | I73: 248.1 | J73: =((H73-I73)/3)/6 -> 2.4666667 | K73: 252.5 | L73: 210.7 | M73: =((K73-L73)/3)/6 -> 2.3222222 | N73: 125 split into cages 125A and 125B
A74: 3 | E74: 104.3 | F74: 81.3 | G74: =((E74-F74)/2)/5 -> 2.3
A75: Avg | D75: =AVERAGE(D72:D73) -> 2.3375 | G75: =AVERAGE(G72:G74) -> 2.0861111 | J75: =AVERAGE(J72:J73) -> 2.3833333 | M75: =AVERAGE(M72:M73) -> 2.1694444
A76: Stdev | D76: =STDEV(D72:D73) -> 0.041247896 | G76: =STDEV(G72:G74) -> 0.20144156 | J76: =STDEV(J72:J73) -> 0.11785113 | M76: =STDEV(M72:M73) -> 0.21606041
A77: SEM | D77: =D76/(SQRT(2)) -> 0.029166667 | G77: =G76/(SQRT(3)) -> 0.11630234 | J77: =J76/(SQRT(2)) -> 0.083333333 | M77: =M76/(SQRT(2)) -> 0.15277778
A79: Week 12 | B79: AT-pre | C79: AT-post | D79: AT-diff | E79: AA-pre | F79: AA-post | G79: AA-diff | H79: LT-pre | I79: LT-post | J79: LT-diff | K79: LA-pre | L79: LA-post | M79: LA-diff | N79: 10/31/2018-11/07/2018
A80: 1 | B80: 165.2 | C80: 84.4 | D80: =((B80-C80)/4)/7 -> 2.8857143 | E80: 139.5 | F80: 97.1 | G80: =((E80-F80)/2)/7 -> 3.0285714 | H80: 190.1 | I80: 126.4 | J80: =((H80-I80)/3)/7 -> 3.0333333 | K80: 274.2 | L80: 217.2 | M80: =((K80-L80)/3)/7 -> 2.7142857 | N80: 7 days
A81: 2 | B81: 211.3 | C81: 167.3 | D81: =((B81-C81)/2)/7 -> 3.1428571 | E81: 237.9 | F81: 202.8 | G81: =((E81-F81)/2)/7 -> 2.5071429 | H81: 248.1 | I81: 200.8 | J81: =((H81-I81)/2)/7 -> 3.3785714 | K81: 210.7 | L81: 141.3 | M81: =((K81-L81)/3)/7 -> 3.3047619
A82: 3 | E82: 81.3 | F82: 48.7 | G82: =((E82-F82)/2)/7 -> 2.3285714
A83: Avg | D83: =AVERAGE(D80:D81) -> 3.0142857 | G83: =AVERAGE(G80:G82) -> 2.6214286 | J83: =AVERAGE(J80:J81) -> 3.2059524 | M83: =AVERAGE(M80:M81) -> 3.0095238
A84: Stdev | D84: =STDEV(D80:D81) -> 0.18182746 | G84: =STDEV(G80:G82) -> 0.36372506 | J84: =STDEV(J80:J81) -> 0.2441202 | M84: =STDEV(M80:M81) -> 0.41752972
A85: SEM | D85: =D84/(SQRT(2)) -> 0.12857143 | G85: =G84/(SQRT(3)) -> 0.20999676 | J85: =J84/(SQRT(2)) -> 0.17261905 | M85: =M84/(SQRT(2)) -> 0.2952381
A87: Week 13 | B87: AT-pre | C87: AT-post | D87: AT-diff | E87: AA-pre | F87: AA-post | G87: AA-diff | H87: LT-pre | I87: LT-post | J87: LT-diff | K87: LA-pre | L87: LA-post | M87: LA-diff | N87: 11/07/2018-11/14/2018
A88: 1 | B88: 187.3 | C88: 100.1 | D88: =((B88-C88)/4)/7 -> 3.1142857 | E88: 203.3 | F88: 148.8 | G88: =((E88-F88)/2)/7 -> 3.8928571 | H88: 191.4 | I88: 131.4 | J88: =((H88-I88)/3)/7 -> 2.8571429 | K88: 217.2 | L88: 163.9 | M88: =((K88-L88)/3)/7 -> 2.5380952 | N88: 7 days
A89: 2 | B89: 167.3 | C89: 128.2 | D89: =((B89-C89)/2)/7 -> 2.7928571 | E89: 202.8 | F89: 164.1 | G89: =((E89-F89)/2)/7 -> 2.7642857 | H89: 200.8 | I89: 151.4 | J89: =((H89-I89)/2)/7 -> 3.5285714 | K89: 141.3 | L89: 78.6 | M89: =((K89-L89)/3)/7 -> 2.9857143
A90: 3 | E90: 195.7 | F90: 143.1 | G90: =((E90-F90)/2)/7 -> 3.7571429
A91: Avg | D91: =AVERAGE(D88:D89) -> 2.9535714 | G91: =AVERAGE(G88:G90) -> 3.4714286 | J91: =AVERAGE(J88:J89) -> 3.1928571 | M91: =AVERAGE(M88:M89) -> 2.7619048
A92: Stdev | D92: =STDEV(D88:D89) -> 0.22728432 | G92: =STDEV(G88:G90) -> 0.61615165 | J92: =STDEV(J88:J89) -> 0.4747717 | M92: =STDEV(M88:M89) -> 0.31651446
A93: SEM | D93: =D92/(SQRT(2)) -> 0.16071429 | G93: =G92/(SQRT(3)) -> 0.35573532 | J93: =J92/(SQRT(2)) -> 0.33571429 | M93: =M92/(SQRT(2)) -> 0.22380952
A95: Week 14 | B95: AT-pre | C95: AT-post | D95: AT-diff | E95: AA-pre | F95: AA-post | G95: AA-diff | H95: LT-pre | I95: LT-post | J95: LT-diff | K95: LA-pre | L95: LA-post | M95: LA-diff | N95: 11/14/2018-11/21/2018
A96: 1 | B96: 100.1 | C96: 26.3 | D96: =((B96-C96)/4)/7 -> 2.6357143 | E96: 148.8 | F96: 104.5 | G96: =((E96-F96)/2)/7 -> 3.1642857 | H96: 131.4 | I96: 74 | J96: =((H96-I96)/3)/7 -> 2.7333333 | K96: 163.9 | L96: 116.6 | M96: =((K96-L96)/3)/7 -> 2.252381 | N96: 7 days
A97: 2 | B97: 128.2 | C97: 94.9 | D97: =((B97-C97)/2)/7 -> 2.3785714 | E97: 164.1 | F97: 134.5 | G97: =((E97-F97)/2)/7 -> 2.1142857 | H97: 151.4 | I97: 116.6 | J97: =((H97-I97)/2)/7 -> 2.4857143 | K97: 78.6 | L97: 29.6 | M97: =((K97-L97)/3)/7 -> 2.3333333
A98: 3 | E98: 143.1 | F98: 108.1 | G98: =((E98-F98)/2)/7 -> 2.5
A99: Avg | D99: =AVERAGE(D96:D97) -> 2.5071429 | G99: =AVERAGE(G96:G98) -> 2.5928571 | J99: =AVERAGE(J96:J97) -> 2.6095238 | M99: =AVERAGE(M96:M97) -> 2.2928571
A100: Stdev | D100: =STDEV(D96:D97) -> 0.18182746 | G100: =STDEV(G96:G98) -> 0.53112318 | J100: =STDEV(J96:J97) -> 0.17509311 | M100: =STDEV(M96:M97) -> 0.057241978
A101: SEM | D101: =D100/(SQRT(2)) -> 0.12857143 | G101: =G100/(SQRT(3)) -> 0.30664411 | J101: =J100/(SQRT(2)) -> 0.12380952 | M101: =M100/(SQRT(2)) -> 0.04047619
A103: Week 15 | B103: AT-pre | C103: AT-post | D103: AT-diff | E103: AA-pre | F103: AA-post | G103: AA-diff | H103: LT-pre | I103: LT-post | J103: LT-diff | K103: LA-pre | L103: LA-post | M103: LA-diff | N103: 11/21/2018-11/28/2018
A104: 1 | B104: 179.6 | C104: 103 | D104: =((B104-C104)/4)/7 -> 2.7357143 | E104: 104.5 | F104: 62.1 | G104: =((E104-F104)/2)/7 -> 3.0285714 | H104: 219 | I104: 164.1 | J104: =((H104-I104)/3)/7 -> 2.6142857 | K104: 116.6 | L104: 73.3 | M104: =((K104-L104)/3)/7 -> 2.0619048 | N104: 7 days
A105: 2 | B105: 175.4 | C105: 135.4 | D105: =((B105-C105)/2)/7 -> 2.8571429 | E105: 134.5 | F105: 103.3 | G105: =((E105-F105)/2)/7 -> 2.2285714 | H105: 116.6 | I105: 112.1 | J105: =((H105-I105)/2)/7 -> 0.32142857 | K105: 211.5 | L105: 142.1 | M105: =((K105-L105)/3)/7 -> 3.3047619 | N105: LT post-food weight?
A106: 3 | E106: 108.1 | F106: 76.3 | G106: =((E106-F106)/2)/7 -> 2.2714286
A107: Avg | D107: =AVERAGE(D104:D105) -> 2.7964286 | G107: =AVERAGE(G104:G106) -> 2.5095238 | J107: =AVERAGE(J104:J105) -> 1.4678571 | M107: =AVERAGE(M104:M105) -> 2.6833333
A108: Stdev | D108: =STDEV(D104:D105) -> 0.085862966 | G108: =STDEV(G104:G106) -> 0.4500189 | J108: =STDEV(J104:J105) -> 1.6212948 | M108: =STDEV(M104:M105) -> 0.87883271
A109: SEM | D109: =D108/(SQRT(2)) -> 0.060714286 | G109: =G108/(SQRT(3)) -> 0.25981853 | J109: =J108/(SQRT(2)) -> 1.1464286 | M109: =M108/(SQRT(2)) -> 0.62142857
A111: Week 16 | B111: AT-pre | C111: AT-post | D111: AT-diff | E111: AA-pre | F111: AA-post | G111: AA-diff | H111: LT-pre | I111: LT-post | J111: LT-diff | K111: LA-pre | L111: LA-post | M111: LA-diff | N111: 11/28/2018-12/05/2018
A112: 1 | B112: 222.9 | C112: 137.4 | D112: =((B112-C112)/4)/7 -> 3.0535714 | E112: 232.4 | F112: 181.3 | G112: =((E112-F112)/2)/7 -> 3.65 | H112: 164.1 | I112: 105.6 | J112: =((H112-I112)/3)/7 -> 2.7857143 | K112: 203.4 | L112: 150.9 | M112: =((K112-L112)/3)/7 -> 2.5 | N112: 7 days
A113: 2 | B113: 135.4 | C113: 95.8 | D113: =((B113-C113)/2)/7 -> 2.8285714 | E113: 201.5 | F113: 163.2 | G113: =((E113-F113)/2)/7 -> 2.7357143 | H113: 221.1 | I113: 178.3 | J113: =((H113-I113)/2)/7 -> 3.0571429 | K113: 142.1 | L113: 91.5 | M113: =((K113-L113)/3)/7 -> 2.4095238
A114: 3 | E114: 175.6 | F114: 130.8 | G114: =((E114-F114)/2)/7 -> 3.2
...

Sheet g food per mouse per week
A1: Week 1 | B1: AT-pre | C1: AT-post | D1: AT-diff | E1: AA-pre | F1: AA-post | G1: AA-diff | H1: LT-pre | I1: LT-post | J1: LT-diff | K1: LA-pre | L1: LA-post | M1: LA-diff | N1: 8/17/2018-8/20/2018
A2: 1 | B2: 353.6 | C2: 312.9 | D2: =((B2-C2)/4) -> 10.175 | E2: 408 | F2: 392.3 | G2: =((E2-F2)/4) -> 3.925 | H2: 409.4 | I2: 390.4 | J2: =((H2-I2)/3) -> 6.3333333 | K2: 387 | L2: 371.7 | M2: =((K2-L2)/3) -> 5.1 | N2: 3 days
A3: 2 | B3: 334.2 | C3: 321.3 | D3: =((B3-C3)/2) -> 6.45 | E3: 388 | F3: 379.9 | G3: =((E3-F3)/2) -> 4.05 | H3: 376.4 | I3: 358.2 | J3: =((H3-I3)/3) -> 6.0666667 | K3: 363.4 | L3: 349.4 | M3: =((K3-L3)/3) -> 4.6666667
A4: Avg | D4: =AVERAGE(D2:D3) -> 8.3125 | G4: =AVERAGE(G2:G3) -> 3.9875 | J4: =AVERAGE(J2:J3) -> 6.2 | M4: =AVERAGE(M2:M3) -> 4.8833333
A5: Stdev | D5: =STDEV(D2:D3) -> 2.6339728 | G5: =STDEV(G2:G3) -> 0.088388348 | J5: =STDEV(J2:J3) -> 0.18856181 | M5: =STDEV(M2:M3) -> 0.30641294
A6: SEM | D6: =D5/(SQRT(2)) -> 1.8625 | G6: =G5/(SQRT(2)) -> 0.0625 | J6: =J5/(SQRT(2)) -> 0.13333333 | M6: =M5/(SQRT(2)) -> 0.21666667
A8: Week 2 | B8: AT-pre | C8: AT-post | D8: AT-diff | E8: AA-pre | F8: AA-post | G8: AA-diff | H8: LT-pre | I8: LT-post | J8: LT-diff | K8: LA-pre | L8: LA-post | M8: LA-diff | N8: 8/20/2018-8/27/2018
A9: 1 | B9: 312.9 | C9: 250.7 | D9: =((B9-C9)/4) -> 15.55 | E9: 392.3 | F9: 268.9 | G9: =((E9-F9)/4) -> 30.85 | H9: 390.4 | I9: 349.9 | J9: =((H9-I9)/3) -> 13.5 | K9: 371.7 | L9: 324.2 | M9: =((K9-L9)/3) -> 15.833333 | N9: 7 days
A10: 2 | B10: 321.3 | C10: 296.1 | D10: =((B10-C10)/2) -> 12.6 | E10: 379.9 | F10: 343.9 | G10: =((E10-F10)/2) -> 18 | H10: 358.2 | I10: 308.9 | J10: =((H10-I10)/3) -> 16.433333 | K10: 349.4 | L10: 315.1 | M10: =((K10-L10)/3) -> 11.433333
A11: Avg | D11: =AVERAGE(D9:D10) -> 14.075 | G11: =AVERAGE(G9:G10) -> 24.425 | J11: =AVERAGE(J9:J10) -> 14.966667 | M11: =AVERAGE(M9:M10) -> 13.633333
A12: Stdev | D12: =STDEV(D9:D10) -> 2.085965 | G12: =STDEV(G9:G10) -> 9.0863221 | J12: =STDEV(J9:J10) -> 2.0741799 | M12: =STDEV(M9:M10) -> 3.1112698
A13: SEM | D13: =D12/(SQRT(2)) -> 1.475 | G13: =G12/(SQRT(2)) -> 6.425 | J13: =J12/(SQRT(2)) -> 1.4666667 | M13: =M12/(SQRT(2)) -> 2.2
A15: Week 3 | B15: AT-pre | C15: AT-post | D15: AT-diff | E15: AA-pre | F15: AA-post | G15: AA-diff | H15: LT-pre | I15: LT-post | J15: LT-diff | K15: LA-pre | L15: LA-post | M15: LA-diff | N15: 8/27/2018-9/5/2018
A16: 1 | B16: 562 | C16: 458.5 | D16: =((B16-C16)/4) -> 25.875 | E16: 504.5 | F16: 448 | G16: =((E16-F16)/4) -> 14.125 | H16: 515.3 | I16: 448 | J16: =((H16-I16)/3) -> 22.433333 | K16: 539.8 | L16: 445.3 | M16: =((K16-L16)/3) -> 31.5 | N16: 9 days
A17: 2 | B17: 520.6 | C17: 475.4 | D17: =((B17-C17)/2) -> 22.6 | E17: 556.9 | F17: 506.7 | G17: =((E17-F17)/2) -> 25.1 | H17: 562.4 | I17: 506.7 | J17: =((H17-I17)/3) -> 18.566667 | K17: 522.8 | L17: 458.7 | M17: =((K17-L17)/3) -> 21.366667
A18: Avg | D18: =AVERAGE(D16:D17) -> 24.2375 | G18: =AVERAGE(G16:G17) -> 19.6125 | J18: =AVERAGE(J16:J17) -> 20.5 | M18: =AVERAGE(M16:M17) -> 26.433333
A19: Stdev | D19: =STDEV(D16:D17) -> 2.3157747 | G19: =STDEV(G16:G17) -> 7.7604969 | J19: =STDEV(J16:J17) -> 2.7341462 | M19: =STDEV(M16:M17) -> 7.1653487
A20: SEM | D20: =D19/(SQRT(2)) -> 1.6375 | G20: =G19/(SQRT(2)) -> 5.4875 | J20: =J19/(SQRT(2)) -> 1.9333333 | M20: =M19/(SQRT(2)) -> 5.0666667
A22: Week 4 | B22: AT-pre | C22: AT-post | D22: AT-diff | E22: AA-pre | F22: AA-post | G22: AA-diff | H22: LT-pre | I22: LT-post | J22: LT-diff | K22: LA-pre | L22: LA-post | M22: LA-diff | N22: 9/5/2018-9/12/2018
A23: 1 | B23: 458.5 | C23: 234.5 | D23: =((B23-C23)/4) -> 56 | E23: 448 | F23: 187.5 | G23: =((E23-F23)/4) -> 65.125 | H23: 448 | I23: 399.2 | J23: =((H23-I23)/3) -> 16.266667 | K23: 445.3 | L23: 385.2 | M23: =((K23-L23)/3) -> 20.033333 | N23: 7 days
A24: 2 | B24: 475.4 | C24: 450.5 | D24: =((B24-C24)/2) -> 12.45 | E24: 506.7 | F24: 459.8 | G24: =((E24-F24)/2) -> 23.45 | H24: 506.7 | I24: 460.1 | J24: =((H24-I24)/3) -> 15.533333 | K24: 458.7 | L24: 422.4 | M24: =((K24-L24)/3) -> 12.1 | N24: AT and AA post food weights?? (so much consumed, is that realistic?)
A25: Avg | D25: =AVERAGE(D23:D24) -> 34.225 | G25: =AVERAGE(G23:G24) -> 44.2875 | J25: =AVERAGE(J23:J24) -> 15.9 | M25: =AVERAGE(M23:M24) -> 16.066667 | N25: was food dumped out and replaced without a comment? May need to throw out this timepoint
A26: Stdev | D26: =STDEV(D23:D24) -> 30.7945 | G26: =STDEV(G23:G24) -> 29.468675 | J26: =STDEV(J23:J24) -> 0.51854497 | M26: =STDEV(M23:M24) -> 5.6097138
A27: SEM | D27: =D26/(SQRT(2)) -> 21.775 | G27: =G26/(SQRT(2)) -> 20.8375 | J27: =J26/(SQRT(2)) -> 0.36666667 | M27: =M26/(SQRT(2)) -> 3.9666667
A29: Week 5 | B29: AT-pre | C29: AT-post | D29: AT-diff | E29: AA-pre | F29: AA-post | G29: AA-diff | H29: LT-pre | I29: LT-post | J29: LT-diff | K29: LA-pre | L29: LA-post | M29: LA-diff | N29: 9/12/2018-9/19/2018
A30: 1 | B30: 484 | C30: 407.9 | D30: =((B30-C30)/4) -> 19.025 | E30: 448.7 | F30: 242.9 | G30: =((E30-F30)/4) -> 51.45 | H30: 399.2 | I30: 349.5 | J30: =((H30-I30)/3) -> 16.566667 | K30: 385.2 | L30: 300.5 | M30: =((K30-L30)/3) -> 28.233333 | N30: 7 days
A31: 2 | B31: 450.5 | C31: 418.9 | D31: =((B31-C31)/2) -> 15.8 | E31: 459.8 | F31: 426.1 | G31: =((E31-F31)/2) -> 16.85 | H31: 460.1 | I31: 408.9 | J31: =((H31-I31)/3) -> 17.066667 | K31: 422.4 | L31: 377.5 | M31: =((K31-L31)/3) -> 14.966667 | N31: AA post food weights?? (so much consumed, is that realistic?)
A32: Avg | D32: =AVERAGE(D30:D31) -> 17.4125 | G32: =AVERAGE(G30:G31) -> 34.15 | J32: =AVERAGE(J30:J31) -> 16.816667 | M32: =AVERAGE(M30:M31) -> 21.6 | N32: was food dumped out and replaced without a comment? May need to throw out this timepoint
A33: Stdev | D33: =STDEV(D30:D31) -> 2.2804194 | G33: =STDEV(G30:G31) -> 24.465895 | J33: =STDEV(J30:J31) -> 0.35355339 | M33: =STDEV(M30:M31) -> 9.38095
A34: SEM | D34: =D33/(SQRT(2)) -> 1.6125 | G34: =G33/(SQRT(2)) -> 17.3 | J34: =J33/(SQRT(2)) -> 0.25 | M34: =M33/(SQRT(2)) -> 6.6333333
A36: Week 6 | B36: AT-pre | C36: AT-post | D36: AT-diff | E36: AA-pre | F36: AA-post | G36: AA-diff | H36: LT-pre | I36: LT-post | J36: LT-diff | K36: LA-pre | L36: LA-post | M36: LA-diff | N36: 9/19/2018-9/26/2018
A37: 1 | B37: 407.9 | C37: 335.9 | D37: =((B37-C37)/4) -> 18 | E37: 242.9 | F37: 371.7 | G37: =((E37-F37)/4) -> -32.2 | H37: 349.5 | I37: 296.1 | J37: =((H37-I37)/3) -> 17.8 | K37: 300.5 | L37: 248.7 | M37: =((K37-L37)/3) -> 17.266667 | N37: 7 days
A38: 2 | B38: 418.9 | C38: 387.1 | D38: =((B38-C38)/2) -> 15.9 | E38: 426.1 | F38: 192.6 | G38: =((E38-F38)/2) -> 116.75 | H38: 408.9 | I38: 357.4 | J38: =((H38-I38)/3) -> 17.166667 | K38: 377.5 | L38: 281.5 | M38: =((K38-L38)/3) -> 32 | N38: AA post food weights?? (so much consumed, is that realistic?)
A39: Avg | D39: =AVERAGE(D37:D38) -> 16.95 | G39: =AVERAGE(G37:G38) -> 42.275 | J39: =AVERAGE(J37:J38) -> 17.483333 | M39: =AVERAGE(M37:M38) -> 24.633333 | N39: was food dumped out and replaced without a comment? May need to throw out this timepoint
A40: Stdev | D40: =STDEV(D37:D38) -> 1.4849242 | G40: =STDEV(G37:G38) -> 105.32356 | J40: =STDEV(J37:J38) -> 0.44783429 | M40: =STDEV(M37:M38) -> 10.41804 | N40: have to throw out this timepoint--AA had food added
A41: SEM | D41: =D40/(SQRT(2)) -> 1.05 | G41: =G40/(SQRT(2)) -> 74.475 | J41: =J40/(SQRT(2)) -> 0.31666667 | M41: =M40/(SQRT(2)) -> 7.3666667
A43: Week 7 | B43: AT-pre | C43: AT-post | D43: AT-diff | E43: AA-pre | F43: AA-post | G43: AA-diff | H43: LT-pre | I43: LT-post | J43: LT-diff | K43: LA-pre | L43: LA-post | M43: LA-diff | N43: 9/26/2018-10/3/2018
A44: 1 | B44: 335.9 | C44: 270 | D44: =((B44-C44)/4) -> 16.475 | E44: 371.7 | F44: 227.6 | G44: =((E44-F44)/4) -> 36.025 | H44: 296.1 | I44: 241.3 | J44: =((H44-I44)/3) -> 18.266667 | K44: 248.7 | L44: 202.6 | M44: =((K44-L44)/3) -> 15.366667 | N44: 7 days
A45: 2 | B45: 387.1 | C45: 352 | D45: =((B45-C45)/2) -> 17.55 | E45: 192.6 | F45: 364.7 | G45: =((E45-F45)/2) -> -86.05 | H45: 357.4 | I45: 301.4 | J45: =((H45-I45)/3) -> 18.666667 | K45: 281.5 | L45: 217.8 | M45: =((K45-L45)/3) -> 21.233333 | N45: AA post food weights?
A46: Avg | D46: =AVERAGE(D44:D45) -> 17.0125 | G46: =AVERAGE(G44:G45) -> -25.0125 | J46: =AVERAGE(J44:J45) -> 18.466667 | M46: =AVERAGE(M44:M45) -> 18.3 | N46: have to throw out this timepoint--AA had food added
A47: Stdev | D47: =STDEV(D44:D45) -> 0.76013979 | G47: =STDEV(G44:G45) -> 86.32006 | J47: =STDEV(J44:J45) -> 0.28284271 | M47: =STDEV(M44:M45) -> 4.1483598
A48: SEM | D48: =D47/(SQRT(2)) -> 0.5375 | G48: =G47/(SQRT(2)) -> 61.0375 | J48: =J47/(SQRT(2)) -> 0.2 | M48: =M47/(SQRT(2)) -> 2.9333333
A50: Week 8 | B50: AT-pre | C50: AT-post | D50: AT-diff | E50: AA-pre | F50: AA-post | G50: AA-diff | H50: LT-pre | I50: LT-post | J50: LT-diff | K50: LA-pre | L50: LA-post | M50: LA-diff | N50: 10/3/2018-10/12/2018
A51: 1 | B51: 270 | C51: 182.9 | D51: =((B51-C51)/4) -> 21.775 | E51: 227.6 | F51: 143.2 | G51: =((E51-F51)/4) -> 21.1 | H51: 241.3 | I51: 160.4 | J51: =((H51-I51)/3) -> 26.966667 | K51: 202.6 | L51: 143.2 | M51: =((K51-L51)/3) -> 19.8 | N51: 9 days
A52: 2 | B52: 352 | C52: 308.3 | D52: =((B52-C52)/2) -> 21.85 | E52: 364.7 | F52: 324.5 | G52: =((E52-F52)/2) -> 20.1 | H52: 301.4 | I52: 220 | J52: =((H52-I52)/3) -> 27.133333 | K52: 217.8 | L52: 146 | M52: =((K52-L52)/3) -> 23.933333
A53: Avg | D53: =AVERAGE(D51:D52) -> 21.8125 | G53: =AVERAGE(G51:G52) -> 20.6 | J53: =AVERAGE(J51:J52) -> 27.05 | M53: =AVERAGE(M51:M52) -> 21.866667
A54: Stdev | D54: =STDEV(D51:D52) -> 0.053033009 | G54: =STDEV(G51:G52) -> 0.70710678 | J54: =STDEV(J51:J52) -> 0.11785113 | M54: =STDEV(M51:M52) -> 2.922708
A55: SEM | D55: =D54/(SQRT(2)) -> 0.0375 | G55: =G54/(SQRT(2)) -> 0.5 | J55: =J54/(SQRT(2)) -> 0.083333333 | M55: =M54/(SQRT(2)) -> 2.0666667
A57: Week 9 | B57: AT-pre | C57: AT-post | D57: AT-diff | E57: AA-pre | F57: AA-post | G57: AA-diff | H57: LT-pre | I57: LT-post | J57: LT-diff | K57: LA-pre | L57: LA-post | M57: LA-diff | N57: 10/12/2018-10/17/2018
A58: 1 | B58: 182.9 | C58: 156.3 | D58: =((B58-C58)/4) -> 6.65 | E58: 143.2 | F58: 163.8 | G58: =((E58-F58)/4) -> -5.15 | H58: 160.4 | I58: 172.3 | J58: =((H58-I58)/3) -> -3.9666667 | K58: 143.2 | L58: 210.8 | M58: =((K58-L58)/3) -> -22.533333 | N58: 5 days
A59: 2 | B59: 308.3 | C59: 278.2 | D59: =((B59-C59)/2) -> 15.05 | E59: 324.5 | F59: 295.8 | G59: =((E59-F59)/2) -> 14.35 | H59: 220 | I59: 171.8 | J59: =((H59-I59)/3) -> 16.066667 | K59: 146 | L59: 166.7 | M59: =((K59-L59)/3) -> -6.9 | N59: AA, LT, LA post food weights?
A60: Avg | D60: =AVERAGE(D58:D59) -> 10.85 | G60: =AVERAGE(G58:G59) -> 4.6 | J60: =AVERAGE(J58:J59) -> 6.05 | M60: =AVERAGE(M58:M59) -> -14.716667 | N60: have to throw out this timepoint-LT and LA had food added
A61: Stdev | D61: =STDEV(D58:D59) -> 5.939697 | G61: =STDEV(G58:G59) -> 13.788582 | J61: =STDEV(J58:J59) -> 14.165706 | M61: =STDEV(M58:M59) -> 11.054436
A62: SEM | D62: =D61/(SQRT(2)) -> 4.2 | G62: =G61/(SQRT(2)) -> 9.75 | J62: =J61/(SQRT(2)) -> 10.016667 | M62: =M61/(SQRT(2)) -> 7.8166667
A64: Week 10 | B64: AT-pre | C64: AT-post | D64: AT-diff | E64: AA-pre | F64: AA-post | G64: AA-diff | H64: LT-pre | I64: LT-post | J64: LT-diff | K64: LA-pre | L64: LA-post | M64: LA-diff | N64: 10/17/2018-10/25/2018
A65: 1 | B65: 156.3 | C65: 73.7 | D65: =((B65-C65)/4) -> 20.65 | E65: 163.8 | F65: 87.3 | G65: =((E65-F65)/4) -> 19.125 | H65: 172.3 | I65: 107.2 | J65: =((H65-I65)/3) -> 21.7 | K65: 210.8 | L65: 152.5 | M65: =((K65-L65)/3) -> 19.433333 | N65: 8 days
A66: 2 | B66: 278.2 | C66: 239.7 | D66: =((B66-C66)/2) -> 19.25 | E66: 295.8 | F66: 262.6 | G66: =((E66-F66)/2) -> 16.6 | H66: 171.8 | I66: 99.3 | J66: =((H66-I66)/3) -> 24.166667 | K66: 166.7 | L66: 98 | M66: =((K66-L66)/3) -> 22.9
A67: Avg | D67: =AVERAGE(D65:D66) -> 19.95 | G67: =AVERAGE(G65:G66) -> 17.8625 | J67: =AVERAGE(J65:J66) -> 22.933333 | M67: =AVERAGE(M65:M66) -> 21.166667
A68: Stdev | D68: =STDEV(D65:D66) -> 0.98994949 | G68: =STDEV(G65:G66) -> 1.7854446 | J68: =STDEV(J65:J66) -> 1.7441967 | M68: =STDEV(M65:M66) -> 2.4513035
A69: SEM | D69: =D68/(SQRT(2)) -> 0.7 | G69: =G68/(SQRT(2)) -> 1.2625 | J69: =J68/(SQRT(2)) -> 1.2333333 | M69: =M68/(SQRT(2)) -> 1.7333333
A71: Week 11 | B71: AT-pre | C71: AT-post | D71: AT-diff | E71: AA-pre | F71: AA-post | G71: AA-diff | H71: LT-pre | I71: LT-post | J71: LT-diff | K71: LA-pre | L71: LA-post | M71: LA-diff | N71: 10/25/2018-10/31/2018
A72: 1 | B72: 220.6 | C72: 165.2 | D72: =((B72-C72)/4) -> 13.85 | E72: 158.5 | F72: 139.5 | G72: =((E72-F72)/2) -> 9.5 | H72: 231.5 | I72: 190.1 | J72: =((H72-I72)/3) -> 13.8 | K72: 310.5 | L72: 274.2 | M72: =((K72-L72)/3) -> 12.1 | N72: 6 days
A73: 2 | B73: 239.7 | C73: 211.3 | D73: =((B73-C73)/2) -> 14.2 | E73: 262.6 | F73: 237.9 | G73: =((E73-F73)/2) -> 12.35 | H73: 292.5 | I73: 248.1 | J73: =((H73-I73)/3) -> 14.8 | K73: 252.5 | L73: 210.7 | M73: =((K73-L73)/3) -> 13.933333 | N73: 125 split into cages 125A and 125B
A74: 3 | E74: 104.3 | F74: 81.3 | G74: =((E74-F74)/2) -> 11.5
A75: Avg | D75: =AVERAGE(D72:D73) -> 14.025 | G75: =AVERAGE(G72:G74) -> 11.116667 | J75: =AVERAGE(J72:J73) -> 14.3 | M75: =AVERAGE(M72:M73) -> 13.016667
A76: Stdev | D76: =STDEV(D72:D73) -> 0.24748737 | G76: =STDEV(G72:G74) -> 1.4631587 | J76: =STDEV(J72:J73) -> 0.70710678 | M76: =STDEV(M72:M73) -> 1.2963624
A77: SEM | D77: =D76/(SQRT(2)) -> 0.175 | G77: =G76/(SQRT(3)) -> 0.84475506 | J77: =J76/(SQRT(2)) -> 0.5 | M77: =M76/(SQRT(2)) -> 0.91666667
A79: Week 12 | B79: AT-pre | C79: AT-post | D79: AT-diff | E79: AA-pre | F79: AA-post | G79: AA-diff | H79: LT-pre | I79: LT-post | J79: LT-diff | K79: LA-pre | L79: LA-post | M79: LA-diff | N79: 10/31/2018-11/07/2018
A80: 1 | B80: 165.2 | C80: 84.4 | D80: =((B80-C80)/4) -> 20.2 | E80: 139.5 | F80: 97.1 | G80: =((E80-F80)/2) -> 21.2 | H80: 190.1 | I80: 126.4 | J80: =((H80-I80)/3) -> 21.233333 | K80: 274.2 | L80: 217.2 | M80: =((K80-L80)/3) -> 19 | N80: 7 days
A81: 2 | B81: 211.3 | C81: 167.3 | D81: =((B81-C81)/2) -> 22 | E81: 237.9 | F81: 202.8 | G81: =((E81-F81)/2) -> 17.55 | H81: 248.1 | I81: 200.8 | J81: =((H81-I81)/2) -> 23.65 | K81: 210.7 | L81: 141.3 | M81: =((K81-L81)/3) -> 23.133333
A82: 3 | E82: 81.3 | F82: 48.7 | G82: =((E82-F82)/2) -> 16.3
A83: Avg | D83: =AVERAGE(D80:D81) -> 21.1 | G83: =AVERAGE(G80:G82) -> 18.35 | J83: =AVERAGE(J80:J81) -> 22.441667 | M83: =AVERAGE(M80:M81) -> 21.066667
A84: Stdev | D84: =STDEV(D80:D81) -> 1.2727922 | G84: =STDEV(G80:G82) -> 2.5460754 | J84: =STDEV(J80:J81) -> 1.7088414 | M84: =STDEV(M80:M81) -> 2.922708
A85: SEM | D85: =D84/(SQRT(2)) -> 0.9 | G85: =G84/(SQRT(3)) -> 1.4699773 | J85: =J84/(SQRT(2)) -> 1.2083333 | M85: =M84/(SQRT(2)) -> 2.0666667
A87: Week 13 | B87: AT-pre | C87: AT-post | D87: AT-diff | E87: AA-pre | F87: AA-post | G87: AA-diff | H87: LT-pre | I87: LT-post | J87: LT-diff | K87: LA-pre | L87: LA-post | M87: LA-diff | N87: 11/07/2018-11/14/2018
A88: 1 | B88: 187.3 | C88: 100.1 | D88: =((B88-C88)/4) -> 21.8 | E88: 203.3 | F88: 148.8 | G88: =((E88-F88)/2) -> 27.25 | H88: 191.4 | I88: 131.4 | J88: =((H88-I88)/3) -> 20 | K88: 217.2 | L88: 163.9 | M88: =((K88-L88)/3) -> 17.766667 | N88: 7 days
A89: 2 | B89: 167.3 | C89: 128.2 | D89: =((B89-C89)/2) -> 19.55 | E89: 202.8 | F89: 164.1 | G89: =((E89-F89)/2) -> 19.35 | H89: 200.8 | I89: 151.4 | J89: =((H89-I89)/2) -> 24.7 | K89: 141.3 | L89: 78.6 | M89: =((K89-L89)/3) -> 20.9
A90: 3 | E90: 195.7 | F90: 143.1 | G90: =((E90-F90)/2) -> 26.3
A91: Avg | D91: =AVERAGE(D88:D89) -> 20.675 | G91: =AVERAGE(G88:G90) -> 24.3 | J91: =AVERAGE(J88:J89) -> 22.35 | M91: =AVERAGE(M88:M89) -> 19.333333
A92: Stdev | D92: =STDEV(D88:D89) -> 1.5909903 | G92: =STDEV(G88:G90) -> 4.3130616 | J92: =STDEV(J88:J89) -> 3.3234019 | M92: =STDEV(M88:M89) -> 2.2156012
A93: SEM | D93: =D92/(SQRT(2)) -> 1.125 | G93: =G92/(SQRT(3)) -> 2.4901473 | J93: =J92/(SQRT(2)) -> 2.35 | M93: =M92/(SQRT(2)) -> 1.5666667
A95: Week 14 | B95: AT-pre | C95: AT-post | D95: AT-diff | E95: AA-pre | F95: AA-post | G95: AA-diff | H95: LT-pre | I95: LT-post | J95: LT-diff | K95: LA-pre | L95: LA-post | M95: LA-diff | N95: 11/14/2018-11/21/2018
A96: 1 | B96: 100.1 | C96: 26.3 | D96: =((B96-C96)/4) -> 18.45 | E96: 148.8 | F96: 104.5 | G96: =((E96-F96)/2) -> 22.15 | H96: 131.4 | I96: 74 | J96: =((H96-I96)/3) -> 19.133333 | K96: 163.9 | L96: 116.6 | M96: =((K96-L96)/3) -> 15.766667 | N96: 7 days
A97: 2 | B97: 128.2 | C97: 94.9 | D97: =((B97-C97)/2) -> 16.65 | E97: 164.1 | F97: 134.5 | G97: =((E97-F97)/2) -> 14.8 | H97: 151.4 | I97: 116.6 | J97: =((H97-I97)/2) -> 17.4 | K97: 78.6 | L97: 29.6 | M97: =((K97-L97)/3) -> 16.333333
A98: 3 | E98: 143.1 | F98: 108.1 | G98: =((E98-F98)/2) -> 17.5
A99: Avg | D99: =AVERAGE(D96:D97) -> 17.55 | G99: =AVERAGE(G96:G98) -> 18.15 | J99: =AVERAGE(J96:J97) -> 18.266667 | M99: =AVERAGE(M96:M97) -> 16.05
A100: Stdev | D100: =STDEV(D96:D97) -> 1.2727922 | G100: =STDEV(G96:G98) -> 3.7178623 | J100: =STDEV(J96:J97) -> 1.2256518 | M100: =STDEV(M96:M97) -> 0.40069384
A101: SEM | D101: =D100/(SQRT(2)) -> 0.9 | G101: =G100/(SQRT(3)) -> 2.1465088 | J101: =J100/(SQRT(2)) -> 0.86666667 | M101: =M100/(SQRT(2)) -> 0.28333333
A103: Week 15 | B103: AT-pre | C103: AT-post | D103: AT-diff | E103: AA-pre | F103: AA-post | G103: AA-diff | H103: LT-pre | I103: LT-post | J103: LT-diff | K103: LA-pre | L103: LA-post | M103: LA-diff | N103: 11/21/2018-11/28/2018
A104: 1 | B104: 179.6 | C104: 103 | D104: =((B104-C104)/4) -> 19.15 | E104: 104.5 | F104: 62.1 | G104: =((E104-F104)/2) -> 21.2 | H104: 219 | I104: 164.1 | J104: =((H104-I104)/3) -> 18.3 | K104: 116.6 | L104: 73.3 | M104: =((K104-L104)/3) -> 14.433333 | N104: 7 days
A105: 2 | B105: 175.4 | C105: 135.4 | D105: =((B105-C105)/2) -> 20 | E105: 134.5 | F105: 103.3 | G105: =((E105-F105)/2) -> 15.6 | H105: 116.6 | I105: 112.1 | J105: =((H105-I105)/2) -> 2.25 | K105: 211.5 | L105: 142.1 | M105: =((K105-L105)/3) -> 23.133333 | N105: LT post-food weight?
A106: 3 | E106: 108.1 | F106: 76.3 | G106: =((E106-F106)/2) -> 15.9
A107: Avg | D107: =AVERAGE(D104:D105) -> 19.575 | G107: =AVERAGE(G104:G106) -> 17.566667 | J107: =AVERAGE(J104:J105) -> 10.275 | M107: =AVERAGE(M104:M105) -> 18.783333
A108: Stdev | D108: =STDEV(D104:D105) -> 0.60104076 | G108: =STDEV(G104:G106) -> 3.1501323 | J108: =STDEV(J104:J105) -> 11.349064 | M108: =STDEV(M104:M105) -> 6.151829
A109: SEM | D109: =D108/(SQRT(2)) -> 0.425 | G109: =G108/(SQRT(3)) -> 1.8187297 | J109: =J108/(SQRT(2)) -> 8.025 | M109: =M108/(SQRT(2)) -> 4.35
A111: Week 16 | B111: AT-pre | C111: AT-post | D111: AT-diff | E111: AA-pre | F111: AA-post | G111: AA-diff | H111: LT-pre | I111: LT-post | J111: LT-diff | K111: LA-pre | L111: LA-post | M111: LA-diff | N111: 11/28/2018-12/05/2018
A112: 1 | B112: 222.9 | C112: 137.4 | D112: =((B112-C112)/4) -> 21.375 | E112: 232.4 | F112: 181.3 | G112: =((E112-F112)/2) -> 25.55 | H112: 164.1 | I112: 105.6 | J112: =((H112-I112)/3) -> 19.5 | K112: 203.4 | L112: 150.9 | M112: =((K112-L112)/3) -> 17.5 | N112: 7 days
A113: 2 | B113: 135.4 | C113: 95.8 | D113: =((B113-C113)/2) -> 19.8 | E113: 201.5 | F113: 163.2 | G113: =((E113-F113)/2) -> 19.15 | H113: 221.1 | I113: 178.3 | J113: =((H113-I113)/2) -> 21.4 | K113: 142.1 | L113: 91.5 | M113: =((K113-L113)/3) -> 16.866667
A114: 3 | E114: 175.6 | F114: 130.8 | G114: =((E114-F114)/2) -> 22.4
A115: Avg | D115: =AVERAGE(D112:D113) -> 20.5875 | G115: =AVERAGE(G112:G114) -> 22.366667 | J115: =AVERAGE(J112:J113) -> 20.45 | M115: =AVERAGE(M112:M113) -> 17.183333
...

Sheet cum food intake take 
A1: g food total | B1: Week | C1: AT_1 | D1: AT_2 | E1: AA_1 | F1: AA_2 | G1: AA_3 | H1: LT_1 | I1: LT_2 | J1: LA_1 | K1: LA_2 | M1: kcal food total | N1: Week | O1: AT_1 | P1: AT_2 | Q1: AA_1 | R1: AA_2 | S1: AA_3 | T1: LT_1 | U1: LT_2 | V1: LA_1 | W1: LA_2 | Y1: kcal/week | Z1: Week | AA1: AT_1 | AB1: AT_2 | AC1: AA_1 | AD1: AA_2 | AE1: AA_3 | AF1: LT_1 | AG1: LT_2 | AH1: LA_1 | AI1: LA_2 | AK1: kcal/week/mouse for each condition total | AL1: Week | AM1: AT | AN1: AA | AO1: LT | AP1: LA | AR1: cumulative kcal/mouse/week | AS1: Week | AT1: AT | AU1: AA | AV1: LT | AW1: LA | AY1: SEM | AZ1: Week | BA1: AT | BB1: AA | BC1: LT | BD1: LA
B2: 1 | C2: =B27-C27 -> 40.7 | D2: =B28-C28 -> 12.9 | E2: =E27-F27 -> 15.7 | F2: =E28-F28 -> 8.1 | H2: =H27-I27 -> 19 | I2: =H28-I28 -> 18.2 | J2: =K27-L27 -> 15.3 | K2: =K28-L28 -> 14 | N2: 1 | O2: =C2*4.53 -> 184.371 | P2: =D2*4.53 -> 58.437 | Q2: =E2*4.53 -> 71.121 | R2: =F2*4.53 -> 36.693 | S2: =G2*4.53 -> 0 | T2: =H2*4.53 -> 86.07 | U2: =I2*4.53 -> 82.446 | V2: =J2*4.53 -> 69.309 | W2: =K2*4.53 -> 63.42 | Z2: 1 | AA2: 184.371 | AB2: 58.437 | AC2: 71.121 | AD2: 36.693 | AE2: 0 | AF2: 86.07 | AG2: 82.446 | AH2: 69.309 | AI2: 63.42 | AL2: 1 | AM2: =SUM(AA2:AB2)/6 -> 40.468 | AN2: =SUM(AC2:AE2)/6 -> 17.969 | AO2: =SUM(AF2:AG2)/6 -> 28.086 | AP2: =SUM(AH2:AI2)/6 -> 22.1215 | AS2: 1 | AT2: =AM2 -> 40.468 | AU2: =AN2 -> 17.969 | AV2: =AO2 -> 28.086 | AW2: =AP2 -> 22.1215 | AZ2: 1 | BA2: =STDEV(AA22:AB22)/SQRT(COUNT(AA22:AB22)) -> 8.437125 | BB2: ????
B3: 2 | C3: =B34-C34 -> 62.2 | D3: =B35-C35 -> 25.2 | E3: =E34-F34 -> 123.4 | F3: =E35-F35 -> 36 | H3: =H34-I34 -> 40.5 | I3: =H35-I35 -> 49.3 | J3: =K34-L34 -> 47.5 | K3: =K35-L35 -> 34.3 | N3: 2 | O3: =C3*4.53 -> 281.766 | P3: =D3*4.53 -> 114.156 | Q3: =E3*4.53 -> 559.002 | R3: =F3*4.53 -> 163.08 | S3: =G3*4.53 -> 0 | T3: =H3*4.53 -> 183.465 | U3: =I3*4.53 -> 223.329 | V3: =J3*4.53 -> 215.175 | W3: =K3*4.53 -> 155.379 | Z3: 2 | AA3: 281.766 | AB3: 114.156 | AC3: 559.002 | AD3: 163.08 | AE3: 0 | AF3: 183.465 | AG3: 223.329 | AH3: 215.175 | AI3: 155.379 | AL3: 2 | AM3: =SUM(AA3:AB3)/6 -> 65.987 | AN3: =SUM(AC3:AE3)/6 -> 120.347 | AO3: =SUM(AF3:AG3)/6 -> 67.799 | AP3: =SUM(AH3:AI3)/6 -> 61.759 | AS3: 2 | AT3: =SUM(AM2:AM3) -> 106.455 | AU3: =SUM(AN2:AN3) -> 138.316 | AV3: =SUM(AO2:AO3) -> 95.885 | AW3: =SUM(AP2:AP3) -> 83.8805 | AZ3: 2 | BA3: =STDEV(AA23:AB23)/SQRT(COUNT(AA23:AB23)) -> 6.68175
B4: 3 | C4: =B41-C41 -> 103.5 | D4: =B42-C42 -> 45.2 | E4: =E41-F41 -> 56.5 | F4: =E42-F42 -> 50.2 | H4: =H41-I41 -> 67.3 | I4: =H42-I42 -> 55.7 | J4: =K48-L48 -> 60.1 | K4: =K42-L42 -> 64.1 | N4: 3 | O4: =C4*4.53 -> 468.855 | P4: =D4*4.53 -> 204.756 | Q4: =E4*4.53 -> 255.945 | R4: =F4*4.53 -> 227.406 | S4: =G4*4.53 -> 0 | T4: =H4*4.53 -> 304.869 | U4: =I4*4.53 -> 252.321 | V4: =J4*4.53 -> 272.253 | W4: =K4*4.53 -> 290.373 | Z4: 3 | AA4: 468.855 | AB4: 204.756 | AC4: 255.945 | AD4: 227.406 | AE4: 0 | AF4: 304.869 | AG4: 252.321 | AH4: 272.253 | AI4: 290.373 | AL4: 3 | AM4: =SUM(AA4:AB4)/6 -> 112.2685 | AN4: =SUM(AC4:AE4)/6 -> 80.5585 | AO4: =SUM(AF4:AG4)/6 -> 92.865 | AP4: =SUM(AH4:AI4)/6 -> 93.771 | AS4: 3 | AT4: =SUM(AM2:AM4) -> 218.7235 | AU4: =SUM(AN2:AN4) -> 218.8745 | AV4: =SUM(AO2:AO4) -> 188.75 | AW4: =SUM(AP2:AP4) -> 177.6515 | AZ4: 3 | BA4: =STDEV(AA24:AB24)/SQRT(COUNT(AA24:AB24)) -> 7.417875
B5: 4 | C5: =B48-C48 -> 224 | D5: =B49-C49 -> 24.9 | E5: =E48-F48 -> 260.5 | F5: =E49-F49 -> 46.9 | H5: =H48-I48 -> 48.8 | I5: =H49-I49 -> 46.6 | J5: =K48-L48 -> 60.1 | K5: =K49-L49 -> 36.3 | N5: 4 | O5: =C5*4.53 -> 1014.72 | P5: =D5*4.53 -> 112.797 | Q5: =E5*4.53 -> 1180.065 | R5: =F5*4.53 -> 212.457 | S5: =G5*4.53 -> 0 | T5: =H5*4.53 -> 221.064 | U5: =I5*4.53 -> 211.098 | V5: =J5*4.53 -> 272.253 | W5: =K5*4.53 -> 164.439 | Z5: 4 | AA5: 1014.72 | AB5: 112.797 | AC5: 1180.065 | AD5: 212.457 | AE5: 0 | AF5: 221.064 | AG5: 211.098 | AH5: 272.253 | AI5: 164.439 | AL5: 4 | AM5: =SUM(AA5:AB5)/6 -> 187.9195 | AN5: =SUM(AC5:AE5)/6 -> 232.087 | AO5: =SUM(AF5:AG5)/6 -> 72.027 | AP5: =SUM(AH5:AI5)/6 -> 72.782 | AS5: 4 | AT5: =SUM(AM2:AM5) -> 406.643 | AU5: =SUM(AN2:AN5) -> 450.9615 | AV5: =SUM(AO2:AO5) -> 260.777 | AW5: =SUM(AP2:AP5) -> 250.4335 | AZ5: 4 | BA5: =STDEV(AA25:AB25)/SQRT(COUNT(AA25:AB25)) -> 98.64075
B6: 5 | C6: =B55-C55 -> 76.1 | D6: =B56-C56 -> 31.6 | E6: =E55-F55 -> 205.8 | F6: =E56-F56 -> 33.7 | H6: =H55-I55 -> 49.7 | I6: =H56-I56 -> 51.2 | J6: =K55-L55 -> 84.7 | K6: =K56-L56 -> 44.9 | N6: 5 | O6: =C6*4.53 -> 344.733 | P6: =D6*4.53 -> 143.148 | Q6: =E6*4.53 -> 932.274 | R6: =F6*4.53 -> 152.661 | S6: =G6*4.53 -> 0 | T6: =H6*4.53 -> 225.141 | U6: =I6*4.53 -> 231.936 | V6: =J6*4.53 -> 383.691 | W6: =K6*4.53 -> 203.397 | Z6: 5 | AA6: 344.733 | AB6: 143.148 | AC6: 932.274 | AD6: 152.661 | AE6: 0 | AF6: 225.141 | AG6: 231.936 | AH6: 383.691 | AI6: 203.397 | AL6: 5 | AM6: =SUM(AA6:AB6)/6 -> 81.3135 | AN6: =SUM(AC6:AE6)/6 -> 180.8225 | AO6: =SUM(AF6:AG6)/6 -> 76.1795 | AP6: =SUM(AH6:AI6)/6 -> 97.848 | AS6: 5 | AT6: =SUM(AM2:AM6) -> 487.9565 | AU6: =SUM(AN2:AN6) -> 631.784 | AV6: =SUM(AO2:AO6) -> 336.9565 | AW6: =SUM(AP2:AP6) -> 348.2815 | AZ6: 5 | BA6: =STDEV(AA26:AB26)/SQRT(COUNT(AA26:AB26)) -> 7.304625
B7: 6 | C7: =B62-C62 -> 72 | D7: =B63-C63 -> 31.8 | E7: =E62-F62 -> -128.8 | F7: =E63-F63 -> 233.5 | H7: =H62-I62 -> 53.4 | I7: =H63-I63 -> 51.5 | J7: =K62-L62 -> 51.8 | K7: =K63-L63 -> 96 | N7: 6 | O7: =C7*4.53 -> 326.16 | P7: =D7*4.53 -> 144.054 | Q7: =E7*4.53 -> -583.464 | R7: =F7*4.53 -> 1057.755 | S7: =G7*4.53 -> 0 | T7: =H7*4.53 -> 241.902 | U7: =I7*4.53 -> 233.295 | V7: =J7*4.53 -> 234.654 | W7: =K7*4.53 -> 434.88 | Z7: 8 | AA7: 394.563 | AB7: 197.961 | AC7: 382.332 | AD7: 182.106 | AE7: 0 | AF7: 366.477 | AG7: 368.742 | AH7: 269.082 | AI7: 325.254 | AL7: 8 | AM7: =SUM(AA7:AB7)/6 -> 98.754 | AN7: =SUM(AC7:AE7)/6 -> 94.073 | AO7: =SUM(AF7:AG7)/6 -> 122.5365 | AP7: =SUM(AH7:AI7)/6 -> 99.056 | AS7: 8 | AT7: =SUM(AM2:AM7) -> 586.7105 | AU7: =SUM(AN2:AN7) -> 725.857 | AV7: =SUM(AO2:AO7) -> 459.493 | AW7: =SUM(AP2:AP7) -> 447.3375 | AZ7: 8 | BA7: =STDEV(AA27:AB27)/SQRT(COUNT(AA27:AB27)) -> 0.169875
B8: 7 | C8: =B69-C69 -> 65.9 | D8: =B70-C70 -> 35.1 | E8: =E69-F69 -> 144.1 | F8: =E70-F70 -> -172.1 | H8: =H69-I69 -> 54.8 | I8: =H70-I70 -> 56 | J8: =K69-L69 -> 46.1 | K8: =K70-L70 -> 63.7 | N8: 7 | O8: =C8*4.53 -> 298.527 | P8: =D8*4.53 -> 159.003 | Q8: =E8*4.53 -> 652.773 | R8: =F8*4.53 -> -779.613 | S8: =G8*4.53 -> 0 | T8: =H8*4.53 -> 248.244 | U8: =I8*4.53 -> 253.68 | V8: =J8*4.53 -> 208.833 | W8: =K8*4.53 -> 288.561 | Z8: 10 | AA8: 374.178 | AB8: 174.405 | AC8: 346.545 | AD8: 150.396 | AE8: 0 | AF8: 294.903 | AG8: 328.425 | AH8: 264.099 | AI8: 311.211 | AL8: 10 | AM8: =SUM(AA8:AB8)/6 -> 91.4305 | AN8: =SUM(AC8:AE8)/6 -> 82.8235 | AO8: =SUM(AF8:AG8)/6 -> 103.888 | AP8: =SUM(AH8:AI8)/6 -> 95.885 | AS8: 10 | AT8: =SUM(AM2:AM8) -> 678.141 | AU8: =SUM(AN2:AN8) -> 808.6805 | AV8: =SUM(AO2:AO8) -> 563.381 | AW8: =SUM(AP2:AP8) -> 543.2225 | AZ8: 10 | BA8: =STDEV(AA28:AB28)/SQRT(COUNT(AA28:AB28)) -> 3.171
B9: 8 | C9: =B76-C76 -> 87.1 | D9: =B77-C77 -> 43.7 | E9: =E76-F76 -> 84.4 | F9: =E77-F77 -> 40.2 | H9: =H76-I76 -> 80.9 | I9: =H77-I77 -> 81.4 | J9: =K76-L76 -> 59.4 | K9: =K77-L77 -> 71.8 | N9: 8 | O9: =C9*4.53 -> 394.563 | P9: =D9*4.53 -> 197.961 | Q9: =E9*4.53 -> 382.332 | R9: =F9*4.53 -> 182.106 | S9: =G9*4.53 -> 0 | T9: =H9*4.53 -> 366.477 | U9: =I9*4.53 -> 368.742 | V9: =J9*4.53 -> 269.082 | W9: =K9*4.53 -> 325.254 | Z9: 11 | AA9: 250.962 | AB9: 128.652 | AC9: 86.07 | AD9: 111.891 | AE9: 104.19 | AF9: 187.542 | AG9: 201.132 | AH9: 164.439 | AI9: 189.354 | AL9: 11 | AM9: =SUM(AA9:AB9)/6 -> 63.269 | AN9: =SUM(AC9:AE9)/6 -> 50.3585 | AO9: =SUM(AF9:AG9)/6 -> 64.779 | AP9: =SUM(AH9:AI9)/6 -> 58.9655 | AS9: 11 | AT9: =SUM(AM2:AM9) -> 741.41 | AU9: =SUM(AN2:AN9) -> 859.039 | AV9: =SUM(AO2:AO9) -> 628.16 | AW9: =SUM(AP2:AP9) -> 602.188 | AZ9: 11 | BA9: =STDEV(AA29:AB29)/SQRT(COUNT(AA29:AB29)) -> 0.79275
B10: 9 | C10: =B83-C83 -> 26.6 | D10: =B84-C84 -> 30.1 | E10: =E83-F83 -> -20.6 | F10: =E84-F84 -> 28.7 | H10: =H83-I83 -> -11.9 | I10: =H84-I84 -> 48.2 | J10: =K83-L83 -> -67.6 | K10: =K84-L84 -> -20.7 | N10: 9 | O10: =C10*4.53 -> 120.498 | P10: =D10*4.53 -> 136.353 | Q10: =E10*4.53 -> -93.318 | R10: =F10*4.53 -> 130.011 | S10: =G10*4.53 -> 0 | T10: =H10*4.53 -> -53.907 | U10: =I10*4.53 -> 218.346 | V10: =J10*4.53 -> -306.228 | W10: =K10*4.53 -> -93.771 | Z10: 12 | AA10: 366.024 | AB10: 199.32 | AC10: 192.072 | AD10: 159.003 | AE10: 147.678 | AF10: 288.561 | AG10: 214.269 | AH10: 258.21 | AI10: 314.382 | AL10: 12 | AM10: =SUM(AA10:AB10)/6 -> 94.224 | AN10: =SUM(AC10:AE10)/6 -> 83.1255 | AO10: =SUM(AF10:AG10)/5 -> 100.566 | AP10: =SUM(AH10:AI10)/6 -> 95.432 | AS10: 12 | AT10: =SUM(AM2:AM10) -> 835.634 | AU10: =SUM(AN2:AN10) -> 942.1645 | AV10: =SUM(AO2:AO10) -> 728.726 | AW10: =SUM(AP2:AP10) -> 697.62 | AZ10: 12 | BA10: =STDEV(AA30:AB30)/SQRT(COUNT(AA30:AB30)) -> 4.077
B11: 10 | C11: =B90-C90 -> 82.6 | D11: =B91-C91 -> 38.5 | E11: =E90-F90 -> 76.5 | F11: =E91-F91 -> 33.2 | H11: =H90-I90 -> 65.1 | I11: =H91-I91 -> 72.5 | J11: =K90-L90 -> 58.3 | K11: =K91-L91 -> 68.7 | N11: 10 | O11: =C11*4.53 -> 374.178 | P11: =D11*4.53 -> 174.405 | Q11: =E11*4.53 -> 346.545 | R11: =F11*4.53 -> 150.396 | S11: =G11*4.53 -> 0 | T11: =H11*4.53 -> 294.903 | U11: =I11*4.53 -> 328.425 | V11: =J11*4.53 -> 264.099 | W11: =K11*4.53 -> 311.211 | Z11: 13 | AA11: 395.016 | AB11: 177.123 | AC11: 246.885 | AD11: 175.311 | AE11: 238.278 | AF11: 271.8 | AG11: 223.782 | AH11: 241.449 | AI11: 284.031 | AL11: 13 | AM11: =SUM(AA11:AB11)/6 -> 95.3565 | AN11: =SUM(AC11:AE11)/6 -> 110.079 | AO11: =SUM(AF11:AG11)/5 -> 99.1164 | AP11: =SUM(AH11:AI11)/6 -> 87.58 | AS11: 13 | AT11: =SUM(AM2:AM11) -> 930.9905 | AU11: =SUM(AN2:AN11) -> 1052.2435 | AV11: =SUM(AO2:AO11) -> 827.8424 | AW11: =SUM(AP2:AP11) -> 785.2 | AZ11: 13 | BA11: =STDEV(AA31:AB31)/SQRT(COUNT(AA31:AB31)) -> 5.09625
B12: 11 | C12: =B97-C97 -> 55.4 | D12: =B98-C98 -> 28.4 | E12: =E97-F97 -> 19 | F12: =E98-F98 -> 24.7 | G12: =E99-F99 -> 23 | H12: =H97-I97 -> 41.4 | I12: =H98-I98 -> 44.4 | J12: =K97-L97 -> 36.3 | K12: =K98-L98 -> 41.8 | N12: 11 | O12: =C12*4.53 -> 250.962 | P12: =D12*4.53 -> 128.652 | Q12: =E12*4.53 -> 86.07 | R12: =F12*4.53 -> 111.891 | S12: =G12*4.53 -> 104.19 | T12: =H12*4.53 -> 187.542 | U12: =I12*4.53 -> 201.132 | V12: =J12*4.53 -> 164.439 | W12: =K12*4.53 -> 189.354 | Z12: 14 | AA12: 334.314 | AB12: 150.849 | AC12: 200.679 | AD12: 134.088 | AE12: 158.55 | AF12: 260.022 | AG12: 157.644 | AH12: 214.269 | AI12: 221.97 | AL12: 14 | AM12: =SUM(AA12:AB12)/6 -> 80.8605 | AN12: =SUM(AC12:AE12)/6 -> 82.2195 | AO12: =SUM(AF12:AG12)/5 -> 83.5332 | AP12: =SUM(AH12:AI12)/6 -> 72.7065 | AS12: 14 | AT12: =SUM(AM2:AM12) -> 1011.851 | AU12: =SUM(AN2:AN12) -> 1134.463 | AV12: =SUM(AO2:AO12) -> 911.3756 | AW12: =SUM(AP2:AP12) -> 857.9065 | AZ12: 14 | BA12: =STDEV(AA32:AB32)/SQRT(COUNT(AA32:AB32)) -> 4.077
B13: 12 | C13: =B105-C105 -> 80.8 | D13: =B106-C106 -> 44 | E13: =E105-F105 -> 42.4 | F13: =E106-F106 -> 35.1 | G13: =E107-F107 -> 32.6 | H13: =H105-I105 -> 63.7 | I13: =H106-I106 -> 47.3 | J13: =K105-L105 -> 57 | K13: =K106-L106 -> 69.4 | N13: 12 | O13: =C13*4.53 -> 366.024 | P13: =D13*4.53 -> 199.32 | Q13: =E13*4.53 -> 192.072 | R13: =F13*4.53 -> 159.003 | S13: =G13*4.53 -> 147.678 | T13: =H13*4.53 -> 288.561 | U13: =I13*4.53 -> 214.269 | V13: =J13*4.53 -> 258.21 | W13: =K13*4.53 -> 314.382 | Z13: 16 | AA13: 387.315 | AB13: 179.388 | AC13: 231.483 | AD13: 173.499 | AE13: 202.944 | AF13: 265.005 | AG13: 193.884 | AH13: 237.825 | AI13: 229.218 | AL13: 16 | AM13: =SUM(AA13:AB13)/6 -> 94.4505 | AN13: =SUM(AC13:AE13)/6 -> 101.321 | AO13: =SUM(AF13:AG13)/5 -> 91.7778 | AP13: =SUM(AH13:AI13)/6 -> 77.8405 | AS13: 16 | AT13: =SUM(AM2:AM13) -> 1106.3015 | AU13: =SUM(AN2:AN13) -> 1235.784 | AV13: =SUM(AO2:AO13) -> 1003.1534 | AW13: =SUM(AP2:AP13) -> 935.747 | AZ13: 16 | BA13: =STDEV(AA33:AB33)/SQRT(COUNT(AA33:AB33)) -> 3.567375
B14: 13 | C14: =B113-C113 -> 87.2 | D14: =B114-C114 -> 39.1 | E14: =E113-F113 -> 54.5 | F14: =E114-F114 -> 38.7 | G14: =E115-F115 -> 52.6 | H14: =H113-I113 -> 60 | I14: =H114-I114 -> 49.4 | J14: =K113-L113 -> 53.3 | K14: =K114-L114 -> 62.7 | N14: 13 | O14: =C14*4.53 -> 395.016 | P14: =D14*4.53 -> 177.123 | Q14: =E14*4.53 -> 246.885 | R14: =F14*4.53 -> 175.311 | S14: =G14*4.53 -> 238.278 | T14: =H14*4.53 -> 271.8 | U14: =I14*4.53 -> 223.782 | V14: =J14*4.53 -> 241.449 | W14: =K14*4.53 -> 284.031 | Z14: 17 | AA14: 363.759 | AB14: 187.089 | AC14: 149.49 | AD14: 153.567 | AE14: 158.55 | AF14: 252.321 | AG14: 196.602 | AH14: 194.337 | AI14: 190.713 | AL14: 17 | AM14: =SUM(AA14:AB14)/6 -> 91.808 | AN14: =SUM(AC14:AE14)/6 -> 76.9345 | AO14: =SUM(AF14:AG14)/5 -> 89.7846 | AP14: =SUM(AH14:AI14)/6 -> 64.175 | AS14: 17 | AT14: =SUM(AM2:AM14) -> 1198.1095 | AU14: =SUM(AN2:AN14) -> 1312.7185 | AV14: =SUM(AO2:AO14) -> 1092.938 | AW14: =SUM(AP2:AP14) -> 999.922 | AZ14: 17 | BA14: =STDEV(AA34:AB34)/SQRT(COUNT(AA34:AB34)) -> 1.302375
B15: 14 | C15: =B121-C121 -> 73.8 | D15: =B122-C122 -> 33.3 | E15: =E121-F121 -> 44.3 | F15: =E122-F122 -> 29.6 | G15: =E123-F123 -> 35 | H15: =H121-I121 -> 57.4 | I15: =H122-I122 -> 34.8 | J15: =K121-L121 -> 47.3 | K15: =K122-L122 -> 49 | N15: 14 | O15: =C15*4.53 -> 334.314 | P15: =D15*4.53 -> 150.849 | Q15: =E15*4.53 -> 200.679 | R15: =F15*4.53 -> 134.088 | S15: =G15*4.53 -> 158.55 | T15: =H15*4.53 -> 260.022 | U15: =I15*4.53 -> 157.644 | V15: =J15*4.53 -> 214.269 | W15: =K15*4.53 -> 221.97 | Z15: 18 | AA15: 289.467 | AB15: 244.167 | AC15: 194.337 | AD15: 168.969 | AE15: 151.302 | AF15: 201.585 | AG15: 193.884 | AH15: 169.422 | AI15: 217.44 | AL15: 18 | AM15: =SUM(AA15:AB15)/5 -> 106.7268 | AN15: =SUM(AC15:AE15)/5 -> 102.9216 | AO15: =SUM(AF15:AG15)/5 -> 79.0938 | AP15: =SUM(AH15:AI15)/5 -> 77.3724 | AS15: 18 | AT15: =SUM(AM2:AM15) -> 1304.8363 | AU15: =SUM(AN2:AN15) -> 1415.6401 | AV15: =SUM(AO2:AO15) -> 1172.0318 | AW15: =SUM(AP2:AP15) -> 1077.2944 | AZ15: 18 | BA15: =STDEV(AA35:AB35)/SQRT(COUNT(AA35:AB35)) -> 12.79725
B16: 15 | C16: =B129-C129 -> 76.6 | D16: =B130-C130 -> 40 | E16: =E129-F129 -> 42.4 | F16: =E130-F130 -> 31.2 | G16: =E131-F131 -> 31.8 | H16: =H129-I129 -> 54.9 | I16: =H130-I130 -> 4.5 | J16: =K129-L129 -> 43.3 | K16: =K130-L130 -> 69.4 | N16: 15 | O16: =C16*4.53 -> 346.998 | P16: =D16*4.53 -> 181.2 | Q16: =E16*4.53 -> 192.072 | R16: =F16*4.53 -> 141.336 | S16: =G16*4.53 -> 144.054 | T16: =H16*4.53 -> 248.697 | U16: =I16*4.53 -> 20.385 | V16: =J16*4.53 -> 196.149 | W16: =K16*4.53 -> 314.382 | Z16: 19 | AA16: 424.461 | AB16: 329.331 | AC16: 288.561 | AD16: 234.201 | AE16: 147.225 | AF16: 289.92 | AG16: 282.672 | AH16: 139.071 | AI16: 279.501 | AL16: 19 | AM16: =SUM(AA16:AB16)/5 -> 150.7584 | AN16: =SUM(AC16:AE16)/5 -> 133.9974 | AO16: =SUM(AF16:AG16)/5 -> 114.5184 | AP16: =SUM(AH16:AI16)/5 -> 83.7144 | AS16: 19 | AT16: =SUM(AM2:AM16) -> 1455.5947 | AU16: =SUM(AN2:AN16) -> 1549.6375 | AV16: =SUM(AO2:AO16) -> 1286.5502 | AW16: =SUM(AP2:AP16) -> 1161.0088 | AZ16: 19 | BA16: =STDEV(AA36:AB36)/SQRT(COUNT(AA36:AB36)) -> 11.58925
B17: 16 | C17: =B137-C137 -> 85.5 | D17: =B138-C138 -> 39.6 | E17: =E137-F137 -> 51.1 | F17: =E138-F138 -> 38.3 | G17: =E139-F139 -> 44.8 | H17: =H137-I137 -> 58.5 | I17: =H138-I138 -> 42.8 | J17: =K137-L137 -> 52.5 | K17: =K138-L138 -> 50.6 | N17: 16 | O17: =C17*4.53 -> 387.315 | P17: =D17*4.53 -> 179.388 | Q17: =E17*4.53 -> 231.483 | R17: =F17*4.53 -> 173.499 | S17: =G17*4.53 -> 202.944 | T17: =H17*4.53 -> 265.005 | U17: =I17*4.53 -> 193.884 | V17: =J17*4.53 -> 237.825 | W17: =K17*4.53 -> 229.218 | Z17: 20 | AA17: 230.124 | AB17: 149.037 | AC17: 148.584 | AD17: 149.037 | AE17: 96.942 | AF17: 157.644 | AG17: 148.131 | AH17: 69.762 | AI17: 191.619 | AL17: 20 | AM17: =SUM(AA17:AB17)/5 -> 75.8322 | AN17: =SUM(AC17:AE17)/5 -> 78.9126 | AO17: =SUM(AF17:AG17)/5 -> 61.155 | AP17: =SUM(AH17:AI17)/4 -> 65.34525 | AS17: 20 | AT17: =SUM(AM2:AM17) -> 1531.4269 | AU17: =SUM(AN2:AN17) -> 1628.5501 | AV17: =SUM(AO2:AO17) -> 1347.7052 | AW17: =SUM(AP2:AP17) -> 1226.3541 | AZ17: 20 | BA17: =STDEV(AA37:AB37)/SQRT(COUNT(AA37:AB37)) -> 1.09475
B18: 17 | C18: =B145-C145 -> 80.3 | D18: =B146-C146 -> 41.3 | E18: =E145-F145 -> 33 | F18: =E146-F146 -> 33.9 | G18: =E147-F147 -> 35 | H18: =H145-I145 -> 55.7 | I18: =H146-I146 -> 43.4 | J18: =K145-L145 -> 42.9 | K18: =K146-L146 -> 42.1 | N18: 17 | O18: =C18*4.53 -> 363.759 | P18: =D18*4.53 -> 187.089 | Q18: =E18*4.53 -> 149.49 | R18: =F18*4.53 -> 153.567 | S18: =G18*4.53 -> 158.55 | T18: =H18*4.53 -> 252.321 | U18: =I18*4.53 -> 196.602 | V18: =J18*4.53 -> 194.337 | W18: =K18*4.53 -> 190.713 | Z18: 21 | AA18: 238.278 | AB18: 158.55 | AC18: 160.362 | AD18: 153.114 | AE18: 100.113 | AF18: 169.422 | AG18: 154.473 | AH18: 68.856 | AI18: 186.636 | AL18: 21 | AM18: =SUM(AA18:AB18)/5 -> 79.3656 | AN18: =SUM(AC18:AE18)/5 -> 82.7178 | AO18: =SUM(AF18:AG18)/5 -> 64.779 | AP18: =SUM(AH18:AI18)/4 -> 63.873 | AS18: 21 | AT18: =SUM(AM2:AM18) -> 1610.7925 | AU18: =SUM(AN2:AN18) -> 1711.2679 | AV18: =SUM(AO2:AO18) -> 1412.4842 | AW18: =SUM(AP2:AP18) -> 1290.2271 | AZ18: 21 | BA18: =STDEV(AA38:AB38)/SQRT(COUNT(AA38:AB38)) -> 0.0755
B19: 18 | C19: =B153-C153 -> 63.9 | D19: =B154-C154 -> 53.9 | E19: =E153-F153 -> 42.9 | F19: =E154-F154 -> 37.3 | G19: =E155-F155 -> 33.4 | H19: =H153-I153 -> 44.5 | I19: =H154-I154 -> 42.8 | J19: =K153-L153 -> 37.4 | K19: =K154-L154 -> 48 | N19: 18 | O19: =C19*4.53 -> 289.467 | P19: =D19*4.53 -> 244.167 | Q19: =E19*4.53 -> 194.337 | R19: =F19*4.53 -> 168.969 | S19: =G19*4.53 -> 151.302 | T19: =H19*4.53 -> 201.585 | U19: =I19*4.53 -> 193.884 | V19: =J19*4.53 -> 169.422 | W19: =K19*4.53 -> 217.44 | Z19: 23 | AA19: 177.576 | AB19: 143.148 | AC19: 192.978 | AD19: 209.286 | AE19: 0 | AF19: 188.901 | AG19: 163.533 | AH19: 75.198 | AI19: 156.285 | AL19: 23 | AM19: =SUM(AA19:AB19)/5 -> 64.1448 | AN19: =SUM(AC19:AE19)/4 -> 100.566 | AO19: =SUM(AF19:AG19)/5 -> 70.4868 | AP19: =SUM(AH19:AI19)/3 -> 77.161 | AS19: 23 | AT19: =SUM(AM2:AM19) -> 1674.9373 | AU19: =SUM(AN2:AN19) -> 1811.8339 | AV19: =SUM(AO2:AO19) -> 1482.971 | AW19: =SUM(AP2:AP19) -> 1367.3881 | AZ19: 23 | BA19: =STDEV(AA39:AB39)/SQRT(COUNT(AA39:AB39)) -> 6.191
B20: 19 | C20: =B161-C161 -> 93.7 | D20: =B162-C162 -> 72.7 | E20: =E161-F161 -> 63.7 | F20: =E162-F162 -> 51.7 | G20: =E163-F163 -> 32.5 | H20: =H161-I161 -> 64 | I20: =H162-I162 -> 62.4 | J20: =K161-L161 -> 30.7 | K20: =K162-L162 -> 61.7 | N20: 19 | O20: =C20*4.53 -> 424.461 | P20: =D20*4.53 -> 329.331 | Q20: =E20*4.53 -> 288.561 | R20: =F20*4.53 -> 234.201 | S20: =G20*4.53 -> 147.225 | T20: =H20*4.53 -> 289.92 | U20: =I20*4.53 -> 282.672 | V20: =J20*4.53 -> 139.071 | W20: =K20*4.53 -> 279.501 | BA20: s
B21: 20 | C21: =B169-C169 -> 50.8 | D21: =B170-C170 -> 32.9 | E21: =E169-F169 -> 32.8 | F21: =E170-F170 -> 32.9 | G21: =E171-F171 -> 21.4 | H21: =H169-I169 -> 34.8 | I21: =H170-I170 -> 32.7 | J21: =K169-L169 -> 15.4 | K21: =K170-L170 -> 42.3 | N21: 20 | O21: =C21*4.53 -> 230.124 | P21: =D21*4.53 -> 149.037 | Q21: =E21*4.53 -> 148.584 | R21: =F21*4.53 -> 149.037 | S21: =G21*4.53 -> 96.942 | T21: =H21*4.53 -> 157.644 | U21: =I21*4.53 -> 148.131 | V21: =J21*4.53 -> 69.762 | W21: =K21*4.53 -> 191.619 | Y21: kcal/mouse/week | Z21: Week | AA21: AT_1 | AB21: AT_2 | AC21: AA_1 | AD21: AA_2 | AE21: AA_3 | AF21: LT_1 | AG21: LT_2 | AH21: LA_1 | AI21: LA_2 | AK21: cumulative kcal/mouse/week | AL21: Week | AM21: AT_1 | AN21: AT_2 | AO21: AA_1 | AP21: AA_2 | AQ21: AA_3 | AR21: LT_1 | AS21: LT_2 | AT21: LA_1 | AU21: LA_2 | AW21: avg cum kcal/mouse/week | AX21: Week | AY21: AT | AZ21: AA | BA21: LT | BB21: LA | BD21: SEM | BE21: Week | BF21: AT | BG21: AA | BH21: LT | BI21: LA
B22: 21 | C22: =B177-C177 -> 52.6 | D22: =B178-C178 -> 35 | E22: =E177-F177 -> 35.4 | F22: =E178-F178 -> 33.8 | G22: =E179-F179 -> 22.1 | H22: =H177-I177 -> 37.4 | I22: =H178-I178 -> 34.1 | J22: =K177-L177 -> 15.2 | K22: =K178-L178 -> 41.2 | N22: 21 | O22: =C22*4.53 -> 238.278 | P22: =D22*4.53 -> 158.55 | Q22: =E22*4.53 -> 160.362 | R22: =F22*4.53 -> 153.114 | S22: =G22*4.53 -> 100.113 | T22: =H22*4.53 -> 169.422 | U22: =I22*4.53 -> 154.473 | V22: =J22*4.53 -> 68.856 | W22: =K22*4.53 -> 186.636 | Z22: 1 | AA22: =AA2/4 -> 46.09275 | AB22: =AB2/2 -> 29.2185 | AC22: =AC2/4 -> 17.78025 | AD22: =AD2/2 -> 18.3465 | AE22: 0 | AF22: =AF2/3 -> 28.69 | AG22: =AG2/3 -> 27.482 | AH22: =AH2/3 -> 23.103 | AI22: =AI2/3 -> 21.14 | AL22: 1 | AM22: =AA22 -> 46.09275 | AN22: =AB22 -> 29.2185 | AO22: =AC22 -> 17.78025 | AP22: =AD22 -> 18.3465 | AQ22: =AO22 -> 17.78025 | AR22: =AF22 -> 28.69 | AS22: =AG22 -> 27.482 | AT22: =AH22 -> 23.103 | AU22: =AI22 -> 21.14 | AX22: 1 | AY22: =AVERAGE(AM22:AN22) -> 37.655625 | AZ22: =AVERAGE(AO22:AP22) -> 18.063375 | BA22: =AVERAGE(AR22:AS22) -> 28.086 | BB22: =AVERAGE(AT22:AU22) -> 22.1215 | BE22: 1 | BF22: =STDEV(AM22:AN22)/SQRT(COUNT(AM22:AN22)) -> 8.437125 | BG22: =STDEV(AO22:AP22)/SQRT(COUNT(AO22:AP22)) -> 0.283125 | BH22: =STDEV(AR22:AS22)/SQRT(COUNT(AR22:AS22)) -> 0.604 | BI22: =STDEV(AT22:AU22)/SQRT(COUNT(AT22:AU22)) -> 0.9815
B23: 22 | C23: =B185-C185 -> 73.8 | D23: =B186-C186 -> 105.7 | E23: =E185-F185 -> 78.4 | F23: =E186-F186 -> 107.8 | G23: =E187-F187 -> 71.8 | H23: =H185-I185 -> 89.8 | I23: =H186-I186 -> 119.9 | J23: =K185-L185 -> 93.4 | K23: =K186-L186 -> 90.9 | N23: 22 | O23: =C23*4.53 -> 334.314 | P23: =D23*4.53 -> 478.821 | Q23: =E23*4.53 -> 355.152 | R23: =F23*4.53 -> 488.334 | S23: =G23*4.53 -> 325.254 | T23: =H23*4.53 -> 406.794 | U23: =I23*4.53 -> 543.147 | V23: =J23*4.53 -> 423.102 | W23: =K23*4.53 -> 411.777 | Z23: 2 | AA23: =AA3/4 -> 70.4415 | AB23: =AB3/2 -> 57.078 | AC23: =AC3/4 -> 139.7505 | AD23: =AD3/2 -> 81.54 | AE23: 0 | AF23: =AF3/3 -> 61.155 | AG23: =AG3/3 -> 74.443 | AH23: =AH3/3 -> 71.725 | AI23: =AI3/3 -> 51.793 | AL23: 2 | AM23: =SUM(AA22:AA23) -> 116.53425 | AN23: =SUM(AB22:AB23) -> 86.2965 | AO23: =SUM(AC22:AC23) -> 157.53075 | AP23: =SUM(AD22:AD23) -> 99.8865 | AQ23: =AO23 -> 157.53075 | AR23: =SUM(AF22:AF23) -> 89.845 | AS23: =SUM(AG22:AG23) -> 101.925 | AT23: =SUM(AH22:AH23) -> 94.828 | AU23: =SUM(AI22:AI23) -> 72.933 | AX23: 2 | AY23: =AVERAGE(AM23:AN23) -> 101.41537 | AZ23: =AVERAGE(AO23:AP23) -> 128.70863 | BA23: =AVERAGE(AR23:AS23) -> 95.885 | BB23: =AVERAGE(AT23:AU23) -> 83.8805 | BE23: 2 | BF23: =STDEV(AM23:AN23)/SQRT(COUNT(AM23:AN23)) -> 15.118875 | BG23: =STDEV(AO23:AP23)/SQRT(COUNT(AO23:AP23)) -> 28.822125 | BH23: =STDEV(AR23:AS23)/SQRT(COUNT(AR23:AS23)) -> 6.04 | BI23: =STDEV(AT23:AU23)/SQRT(COUNT(AT23:AU23)) -> 10.9475
B24: 23 | C24: =B193-C193 -> 39.2 | D24: =B194-C194 -> 31.6 | E24: =E193-F193 -> 42.6 | F24: =E194-F194 -> 46.2 | H24: =H193-I193 -> 41.7 | I24: =H194-I194 -> 36.1 | J24: =K193-L193 -> 16.6 | K24: =K194-L194 -> 34.5 | N24: 23 | O24: =C24*4.53 -> 177.576 | P24: =D24*4.53 -> 143.148 | Q24: =E24*4.53 -> 192.978 | R24: =F24*4.53 -> 209.286 | S24: =G24*4.53 -> 0 | T24: =H24*4.53 -> 188.901 | U24: =I24*4.53 -> 163.533 | V24: =J24*4.53 -> 75.198 | W24: =K24*4.53 -> 156.285 | Z24: 3 | AA24: =AA4/4 -> 117.21375 | AB24: =AB4/2 -> 102.378 | AC24: =AC4/4 -> 63.98625 | AD24: =AD4/2 -> 113.703 | AE24: 0 | AF24: =AF4/3 -> 101.623 | AG24: =AG4/3 -> 84.107 | AH24: =AH4/3 -> 90.751 | AI24: =AI4/3 -> 96.791 | AL24: 3 | AM24: =SUM(AA22:AA24) -> 233.748 | AN24: =SUM(AB22:AB24) -> 188.6745 | AO24: =SUM(AC22:AC24) -> 221.517 | AP24: =SUM(AD22:AD24) -> 213.5895 | AQ24: =AO24 -> 221.517 | AR24: =SUM(AF22:AF24) -> 191.468 | AS24: =SUM(AG22:AG24) -> 186.032 | AT24: =SUM(AH22:AH24) -> 185.579 | AU24: =SUM(AI22:AI24) -> 169.724 | AX24: 3 | AY24: =AVERAGE(AM24:AN24) -> 211.21125 | AZ24: =AVERAGE(AO24:AP24) -> 217.55325 | BA24: =AVERAGE(AR24:AS24) -> 188.75 | BB24: =AVERAGE(AT24:AU24) -> 177.6515 | BE24: 3 | BF24: =STDEV(AM24:AN24)/SQRT(COUNT(AM24:AN24)) -> 22.53675 | BG24: =STDEV(AO24:AP24)/SQRT(COUNT(AO24:AP24)) -> 3.96375 | BH24: =STDEV(AR24:AS24)/SQRT(COUNT(AR24:AS24)) -> 2.718 | BI24: =STDEV(AT24:AU24)/SQRT(COUNT(AT24:AU24)) -> 7.9275
Z25: 4 | AA25: =AA5/4 -> 253.68 | AB25: =AB5/2 -> 56.3985 | AC25: =AC5/4 -> 295.01625 | AD25: =AD5/2 -> 106.2285 | AE25: 0 | AF25: =AF5/3 -> 73.688 | AG25: =AG5/3 -> 70.366 | AH25: =AH5/3 -> 90.751 | AI25: =AI5/3 -> 54.813 | AL25: 4 | AM25: =SUM(AA22:AA25) -> 487.428 | AN25: =SUM(AB22:AB25) -> 245.073 | AO25: =SUM(AC22:AC25) -> 516.53325 | AP25: =SUM(AD22:AD25) -> 319.818 | AQ25: =AO25 -> 516.53325 | AR25: =SUM(AF22:AF25) -> 265.156 | AS25: =SUM(AG22:AG25) -> 256.398 | AT25: =SUM(AH22:AH25) -> 276.33 | AU25: =SUM(AI22:AI25) -> 224.537 | AX25: 4 | AY25: =AVERAGE(AM25:AN25) -> 366.2505 | AZ25: =AVERAGE(AO25:AP25) -> 418.17563 | BA25: =AVERAGE(AR25:AS25) -> 260.777 | BB25: =AVERAGE(AT25:AU25) -> 250.4335 | BE25: 4 | BF25: =STDEV(AM25:AN25)/SQRT(COUNT(AM25:AN25)) -> 121.1775 | BG25: =STDEV(AO25:AP25)/SQRT(COUNT(AO25:AP25)) -> 98.357625 | BH25: =STDEV(AR25:AS25)/SQRT(COUNT(AR25:AS25)) -> 4.379 | BI25: =STDEV(AT25:AU25)/SQRT(COUNT(AT25:AU25)) -> 25.8965
A26: Week 1 | B26: AT-pre | C26: AT-post | D26: AT-diff | E26: AA-pre | F26: AA-post | G26: AA-diff | H26: LT-pre | I26: LT-post | J26: LT-diff | K26: LA-pre | L26: LA-post | M26: LA-diff | N26: 8/17/2018-8/20/2018 | Z26: 5 | AA26: =AA6/4 -> 86.18325 | AB26: =AB6/2 -> 71.574 | AC26: =AC6/4 -> 233.0685 | AD26: =AD6/2 -> 76.3305 | AE26: 0 | AF26: =AF6/3 -> 75.047 | AG26: =AG6/3 -> 77.312 | AH26: =AH6/3 -> 127.897 | AI26: =AI6/3 -> 67.799 | AL26: 5 | AM26: =SUM(AA22:AA26) -> 573.61125 | AN26: =SUM(AB22:AB26) -> 316.647 | AO26: =SUM(AC22:AC26) -> 749.60175 | AP26: =SUM(AD22:AD26) -> 396.1485 | AQ26: =AO26 -> 749.60175 | AR26: =SUM(AF22:AF26) -> 340.203 | AS26: =SUM(AG22:AG26) -> 333.71 | AT26: =SUM(AH22:AH26) -> 404.227 | AU26: =SUM(AI22:AI26) -> 292.336 | AX26: 5 | AY26: =AVERAGE(AM26:AN26) -> 445.12913 | AZ26: =AVERAGE(AO26:AP26) -> 572.87513 | BA26: =AVERAGE(AR26:AS26) -> 336.9565 | BB26: =AVERAGE(AT26:AU26) -> 348.2815 | BE26: 5 | BF26: =STDEV(AM26:AN26)/SQRT(COUNT(AM26:AN26)) -> 128.48212 | BG26: =STDEV(AO26:AP26)/SQRT(COUNT(AO26:AP26)) -> 176.72662 | BH26: =STDEV(AR26:AS26)/SQRT(COUNT(AR26:AS26)) -> 3.2465 | BI26: =STDEV(AT26:AU26)/SQRT(COUNT(AT26:AU26)) -> 55.9455
A27: 1 | B27: 353.6 | C27: 312.9 | D27: 10.175 | E27: 408 | F27: 392.3 | G27: 3.925 | H27: 409.4 | I27: 390.4 | J27: 6.3333333 | K27: 387 | L27: 371.7 | M27: 5.1 | N27: 3 days | Z27: 8 | AA27: =AA7/4 -> 98.64075 | AB27: =AB7/2 -> 98.9805 | AC27: =AC7/4 -> 95.583 | AD27: =AD7/2 -> 91.053 | AE27: 0 | AF27: =AF7/3 -> 122.159 | AG27: =AG7/3 -> 122.914 | AH27: =AH7/3 -> 89.694 | AI27: =AI7/3 -> 108.418 | AL27: 8 | AM27: =SUM(AA22:AA27) -> 672.252 | AN27: =SUM(AB22:AB27) -> 415.6275 | AO27: =SUM(AC22:AC27) -> 845.18475 | AP27: =SUM(AD22:AD27) -> 487.2015 | AQ27: =AO27 -> 845.18475 | AR27: =SUM(AF22:AF27) -> 462.362 | AS27: =SUM(AG22:AG27) -> 456.624 | AT27: =SUM(AH22:AH27) -> 493.921 | AU27: =SUM(AI22:AI27) -> 400.754 | AX27: 8 | AY27: =AVERAGE(AM27:AN27) -> 543.93975 | AZ27: =AVERAGE(AO27:AP27) -> 666.19313 | BA27: =AVERAGE(AR27:AS27) -> 459.493 | BB27: =AVERAGE(AT27:AU27) -> 447.3375 | BE27: 8 | BF27: =STDEV(AM27:AN27)/SQRT(COUNT(AM27:AN27)) -> 128.31225 | BG27: =STDEV(AO27:AP27)/SQRT(COUNT(AO27:AP27)) -> 178.99162 | BH27: =STDEV(AR27:AS27)/SQRT(COUNT(AR27:AS27)) -> 2.869 | BI27: =STDEV(AT27:AU27)/SQRT(COUNT(AT27:AU27)) -> 46.5835
A28: 2 | B28: 334.2 | C28: 321.3 | D28: 6.45 | E28: 388 | F28: 379.9 | G28: 4.05 | H28: 376.4 | I28: 358.2 | J28: 6.0666667 | K28: 363.4 | L28: 349.4 | M28: 4.6666667 | Z28: 10 | AA28: =AA8/4 -> 93.5445 | AB28: =AB8/2 -> 87.2025 | AC28: =AC8/4 -> 86.63625 | AD28: =AD8/2 -> 75.198 | AE28: 0 | AF28: =AF8/3 -> 98.301 | AG28: =AG8/3 -> 109.475 | AH28: =AH8/3 -> 88.033 | AI28: =AI8/3 -> 103.737 | AL28: 10 | AM28: =SUM(AA22:AA28) -> 765.7965 | AN28: =SUM(AB22:AB28) -> 502.83 | AO28: =SUM(AC22:AC28) -> 931.821 | AP28: =SUM(AD22:AD28) -> 562.3995 | AQ28: =AO28 -> 931.821 | AR28: =SUM(AF22:AF28) -> 560.663 | AS28: =SUM(AG22:AG28) -> 566.099 | AT28: =SUM(AH22:AH28) -> 581.954 | AU28: =SUM(AI22:AI28) -> 504.491 | AX28: 10 | AY28: =AVERAGE(AM28:AN28) -> 634.31325 | AZ28: =AVERAGE(AO28:AP28) -> 747.11025 | BA28: =AVERAGE(AR28:AS28) -> 563.381 | BB28: =AVERAGE(AT28:AU28) -> 543.2225 | BE28: 10 | BF28: =STDEV(AM28:AN28)/SQRT(COUNT(AM28:AN28)) -> 131.48325 | BG28: =STDEV(AO28:AP28)/SQRT(COUNT(AO28:AP28)) -> 184.71075 | BH28: =STDEV(AR28:AS28)/SQRT(COUNT(AR28:AS28)) -> 2.718 | BI28: =STDEV(AT28:AU28)/SQRT(COUNT(AT28:AU28)) -> 38.7315
A29: Avg | D29: 8.3125 | G29: 3.9875 | J29: 6.2 | M29: 4.8833333 | Z29: 11 | AA29: =AA9/4 -> 62.7405 | AB29: =AB9/2 -> 64.326 | AC29: =AC9/2 -> 43.035 | AD29: =AD9/2 -> 55.9455 | AE29: =AE9/2 -> 52.095 | AF29: =AF9/3 -> 62.514 | AG29: =AG9/3 -> 67.044 | AH29: =AH9/3 -> 54.813 | AI29: =AI9/3 -> 63.118 | AL29: 11 | AM29: =SUM(AA22:AA29) -> 828.537 | AN29: =SUM(AB22:AB29) -> 567.156 | AO29: =SUM(AC22:AC29) -> 974.856 | AP29: =SUM(AD22:AD29) -> 618.345 | AQ29: =SUM(AC22:AC28,AE29) -> 983.916 | AR29: =SUM(AF22:AF29) -> 623.177 | AS29: =SUM(AG22:AG29) -> 633.143 | AT29: =SUM(AH22:AH29) -> 636.767 | AU29: =SUM(AI22:AI29) -> 567.609 | AX29: 11 | AY29: =AVERAGE(AM29:AN29) -> 697.8465 | AZ29: =AVERAGE(AO29:AQ29) -> 859.039 | BA29: =AVERAGE(AR29:AS29) -> 628.16 | BB29: =AVERAGE(AT29:AU29) -> 602.188 | BE29: 11 | BF29: =STDEV(AM29:AN29)/SQRT(COUNT(AM29:AN29)) -> 130.6905 | BG29: =STDEV(AO29:AQ29)/SQRT(COUNT(AO29:AQ29)) -> 120.37542 | BH29: =STDEV(AR29:AS29)/SQRT(COUNT(AR29:AS29)) -> 4.983 | BI29: =STDEV(AT29:AU29)/SQRT(COUNT(AT29:AU29)) -> 34.579
A30: Stdev | D30: 2.6339728 | G30: 0.088388348 | J30: 0.18856181 | M30: 0.30641294 | Z30: 12 | AA30: =AA10/4 -> 91.506 | AB30: =AB10/2 -> 99.66 | AC30: =AC10/2 -> 96.036 | AD30: =AD10/2 -> 79.5015 | AE30: =AE10/2 -> 73.839 | AF30: =AF10/3 -> 96.187 | AG30: =AG10/2 -> 107.1345 | AH30: =AH10/3 -> 86.07 | AI30: =AI10/3 -> 104.794 | AL30: 12 | AM30: =SUM(AA22:AA30) -> 920.043 | AN30: =SUM(AB22:AB30) -> 666.816 | AO30: =SUM(AC22:AC30) -> 1070.892 | AP30: =SUM(AD22:AD30) -> 697.8465 | AQ30: =SUM(AC22:AC28,AE29:AE30) -> 1057.755 | AR30: =SUM(AF22:AF30) -> 719.364 | AS30: =SUM(AG22:AG30) -> 740.2775 | AT30: =SUM(AH22:AH30) -> 722.837 | AU30: =SUM(AI22:AI30) -> 672.403 | AX30: 12 | AY30: =AVERAGE(AM30:AN30) -> 793.4295 | AZ30: =AVERAGE(AO30:AQ30) -> 942.1645 | BA30: =AVERAGE(AR30:AS30) -> 729.82075 | BB30: =AVERAGE(AT30:AU30) -> 697.62 | BE30: 12 | BF30: =STDEV(AM30:AN30)/SQRT(COUNT(AM30:AN30)) -> 126.6135 | BG30: =STDEV(AO30:AQ30)/SQRT(COUNT(AO30:AQ30)) -> 122.21785 | BH30: =STDEV(AR30:AS30)/SQRT(COUNT(AR30:AS30)) -> 10.45675 | BI30: =STDEV(AT30:AU30)/SQRT(COUNT(AT30:AU30)) -> 25.217
A31: SEM | D31: 1.8625 | G31: 0.0625 | J31: 0.13333333 | M31: 0.21666667 | Z31: 13 | AA31: =AA11/4 -> 98.754 | AB31: =AB11/2 -> 88.5615 | AC31: =AC11/2 -> 123.4425 | AD31: =AD11/2 -> 87.6555 | AE31: =AE11/2 -> 119.139 | AF31: =AF11/3 -> 90.6 | AG31: =AG11/2 -> 111.891 | AH31: =AH11/3 -> 80.483 | AI31: =AI11/3 -> 94.677 | AL31: 13 | AM31: =SUM(AA22:AA31) -> 1018.797 | AN31: =SUM(AB22:AB31) -> 755.3775 | AO31: =SUM(AC22:AC31) -> 1194.3345 | AP31: =SUM(AD22:AD31) -> 785.502 | AQ31: =SUM(AC22:AC28,AE29:AE31) -> 1176.894 | AR31: =SUM(AF22:AF31) -> 809.964 | AS31: =SUM(AG22:AG31) -> 852.1685 | AT31: =SUM(AH22:AH31) -> 803.32 | AU31: =SUM(AI22:AI31) -> 767.08 | AX31: 13 | AY31: =AVERAGE(AM31:AN31) -> 887.08725 | AZ31: =AVERAGE(AO31:AQ31) -> 1052.2435 | BA31: =AVERAGE(AR31:AS31) -> 831.06625 | BB31: =AVERAGE(AT31:AU31) -> 785.2 | BE31: 13 | BF31: =STDEV(AM31:AN31)/SQRT(COUNT(AM31:AN31)) -> 131.70975 | BG31: =STDEV(AO31:AQ31)/SQRT(COUNT(AO31:AQ31)) -> 133.46574 | BH31: =STDEV(AR31:AS31)/SQRT(COUNT(AR31:AS31)) -> 21.10225 | BI31: =STDEV(AT31:AU31)/SQRT(COUNT(AT31:AU31)) -> 18.12
Z32: 14 | AA32: =AA12/4 -> 83.5785 | AB32: =AB12/2 -> 75.4245 | AC32: =AC12/2 -> 100.3395 | AD32: =AD12/2 -> 67.044 | AE32: =AE12/2 -> 79.275 | AF32: =AF12/3 -> 86.674 | AG32: =AG12/2 -> 78.822 | AH32: =AH12/3 -> 71.423 | AI32: =AI12/3 -> 73.99 | AL32: 14 | AM32: =SUM(AA22:AA32) -> 1102.3755 | AN32: =SUM(AB22:AB32) -> 830.802 | AO32: =SUM(AC22:AC32) -> 1294.674 | AP32: =SUM(AD22:AD32) -> 852.546 | AQ32: =SUM(AC22:AC28,AE29:AE32) -> 1256.169 | AR32: =SUM(AF22:AF32) -> 896.638 | AS32: =SUM(AG22:AG32) -> 930.9905 | AT32: =SUM(AH22:AH32) -> 874.743 | AU32: =SUM(AI22:AI32) -> 841.07 | AX32: 14 | AY32: =AVERAGE(AM32:AN32) -> 966.58875 | AZ32: =AVERAGE(AO32:AQ32) -> 1134.463 | BA32: =AVERAGE(AR32:AS32) -> 913.81425 | BB32: =AVERAGE(AT32:AU32) -> 857.9065 | BE32: 14 | BF32: =STDEV(AM32:AN32)/SQRT(COUNT(AM32:AN32)) -> 135.78675 | BG32: =STDEV(AO32:AQ32)/SQRT(COUNT(AO32:AQ32)) -> 141.39608 | BH32: =STDEV(AR32:AS32)/SQRT(COUNT(AR32:AS32)) -> 17.17625 | BI32: =STDEV(AT32:AU32)/SQRT(COUNT(AT32:AU32)) -> 16.8365
A33: Week 2 | B33: AT-pre | C33: AT-post | D33: AT-diff | E33: AA-pre | F33: AA-post | G33: AA-diff | H33: LT-pre | I33: LT-post | J33: LT-diff | K33: LA-pre | L33: LA-post | M33: LA-diff | N33: 8/20/2018-8/27/2018 | Z33: 16 | AA33: =AA13/4 -> 96.82875 | AB33: =AB13/2 -> 89.694 | AC33: =AC13/2 -> 115.7415 | AD33: =AD13/2 -> 86.7495 | AE33: =AE13/2 -> 101.472 | AF33: =AF13/3 -> 88.335 | AG33: =AG13/2 -> 96.942 | AH33: =AH13/3 -> 79.275 | AI33: =AI13/3 -> 76.406 | AL33: 16 | AM33: =SUM(AA22:AA33) -> 1199.2043 | AN33: =SUM(AB22:AB33) -> 920.496 | AO33: =SUM(AC22:AC33) -> 1410.4155 | AP33: =SUM(AD22:AD33) -> 939.2955 | AQ33: =SUM(AC22:AC28,AE29:AE33) -> 1357.641 | AR33: =SUM(AF22:AF33) -> 984.973 | AS33: =SUM(AG22:AG33) -> 1027.9325 | AT33: =SUM(AH22:AH33) -> 954.018 | AU33: =SUM(AI22:AI33) -> 917.476 | AX33: 16 | AY33: =AVERAGE(AM33:AN33) -> 1059.8501 | AZ33: =AVERAGE(AO33:AQ33) -> 1235.784 | BA33: =AVERAGE(AR33:AS33) -> 1006.4527 | BB33: =AVERAGE(AT33:AU33) -> 935.747 | BE33: 16 | BF33: =STDEV(AM33:AN33)/SQRT(COUNT(AM33:AN33)) -> 139.35413 | BG33: =STDEV(AO33:AQ33)/SQRT(COUNT(AO33:AQ33)) -> 149.02501 | BH33: =STDEV(AR33:AS33)/SQRT(COUNT(AR33:AS33)) -> 21.47975 | BI33: =STDEV(AT33:AU33)/SQRT(COUNT(AT33:AU33)) -> 18.271
A34: 1 | B34: 312.9 | C34: 250.7 | D34: 15.55 | E34: 392.3 | F34: 268.9 | G34: 30.85 | H34: 390.4 | I34: 349.9 | J34: 13.5 | K34: 371.7 | L34: 324.2 | M34: 15.833333 | N34: 7 days | Z34: 17 | AA34: =AA14/4 -> 90.93975 | AB34: =AB14/2 -> 93.5445 | AC34: =AC14/2 -> 74.745 | AD34: =AD14/2 -> 76.7835 | AE34: =AE14/2 -> 79.275 | AF34: =AF14/3 -> 84.107 | AG34: =AG14/2 -> 98.301 | AH34: =AH14/3 -> 64.779 | AI34: =AI14/3 -> 63.571 | AL34: 17 | AM34: =SUM(AA22:AA34) -> 1290.144 | AN34: =SUM(AB22:AB34) -> 1014.0405 | AO34: =SUM(AC22:AC34) -> 1485.1605 | AP34: =SUM(AD22:AD34) -> 1016.079 | AQ34: =SUM(AC22:AC28,AE29:AE34) -> 1436.916 | AR34: =SUM(AF22:AF34) -> 1069.08 | AS34: =SUM(AG22:AG34) -> 1126.2335 | AT34: =SUM(AH22:AH34) -> 1018.797 | AU34: =SUM(AI22:AI34) -> 981.047 | AX34: 17 | AY34: =AVERAGE(AM34:AN34) -> 1152.0922 | AZ34: =AVERAGE(AO34:AQ34) -> 1312.7185 | BA34: =AVERAGE(AR34:AS34) -> 1097.6567 | BB34: =AVERAGE(AT34:AU34) -> 999.922 | BE34: 17 | BF34: =STDEV(AM34:AN34)/SQRT(COUNT(AM34:AN34)) -> 138.05175 | BG34: =STDEV(AO34:AQ34)/SQRT(COUNT(AO34:AQ34)) -> 148.97218 | BH34: =STDEV(AR34:AS34)/SQRT(COUNT(AR34:AS34)) -> 28.57675 | BI34: =STDEV(AT34:AU34)/SQRT(COUNT(AT34:AU34)) -> 18.875
A35: 2 | B35: 321.3 | C35: 296.1 | D35: 12.6 | E35: 379.9 | F35: 343.9 | G35: 18 | H35: 358.2 | I35: 308.9 | J35: 16.433333 | K35: 349.4 | L35: 315.1 | M35: 11.433333 | Z35: 18 | AA35: =AA15/3 -> 96.489 | AB35: =AB15/2 -> 122.0835 | AC35: =AC15/2 -> 97.1685 | AD35: =AD15/2 -> 84.4845 | AE35: =AE15/1 -> 151.302 | AF35: =AF15/2 -> 100.7925 | AG35: =AG15/2 -> 96.942 | AH35: =AH15/2 -> 84.711 | AI35: =AI15/3 -> 72.48 | AL35: 18 | AM35: =SUM(AA22:AA34) -> 1290.144 | AN35: =SUM(AB22:AB34) -> 1014.0405 | AO35: =SUM(AC22:AC34) -> 1485.1605 | AP35: =SUM(AD22:AD34) -> 1016.079 | AQ35: =SUM(AC22:AC28,AE29:AE35) -> 1588.218 | AR35: =SUM(AF22:AF34) -> 1069.08 | AS35: =SUM(AG22:AG34) -> 1126.2335 | AT35: =SUM(AH22:AH34) -> 1018.797 | AU35: =SUM(AI22:AI34) -> 981.047 | AX35: 18 | AY35: =AVERAGE(AM35:AN35) -> 1152.0922 | AZ35: =AVERAGE(AO35:AQ35) -> 1363.1525 | BA35: =AVERAGE(AR35:AS35) -> 1097.6567 | BB35: =AVERAGE(AT35:AU35) -> 999.922 | BE35: 18 | BF35: =STDEV(AM35:AN35)/SQRT(COUNT(AM35:AN35)) -> 138.05175 | BG35: =STDEV(AO35:AQ35)/SQRT(COUNT(AO35:AQ35)) -> 176.06838 | BH35: =STDEV(AR35:AS35)/SQRT(COUNT(AR35:AS35)) -> 28.57675 | BI35: =STDEV(AT35:AU35)/SQRT(COUNT(AT35:AU35)) -> 18.875
A36: Avg | D36: 14.075 | G36: 24.425 | J36: 14.966667 | M36: 13.633333 | Z36: 19 | AA36: =AA16/3 -> 141.487 | AB36: =AB16/2 -> 164.6655 | AC36: =AC16/2 -> 144.2805 | AD36: =AD16/2 -> 117.1005 | AE36: =AE16/1 -> 147.225 | AF36: =AF16/2 -> 144.96 | AG36: =AG16/2 -> 141.336 | AH36: =AH16/1 -> 139.071 | AI36: =AI16/3 -> 93.167 | AL36: 19 | AM36: =SUM(AA22:AA36) -> 1528.12 | AN36: =SUM(AB22:AB36) -> 1300.7895 | AO36: =SUM(AC22:AC36) -> 1726.6095 | AP36: =SUM(AD22:AD36) -> 1217.664 | AQ36: =SUM(AC22:AC28,AE29:AE36) -> 1735.443 | AR36: =SUM(AF22:AF36) -> 1314.8325 | AS36: =SUM(AG22:AG36) -> 1364.5115 | AT36: =SUM(AH22:AH36) -> 1242.579 | AU36: =SUM(AI22:AI36) -> 1146.694 | AX36: 19 | AY36: =AVERAGE(AM36:AN36) -> 1414.4548 | AZ36: =AVERAGE(AO36:AQ36) -> 1559.9055 | BA36: =AVERAGE(AR36:AS36) -> 1339.672 | BB36: =AVERAGE(AT36:AU36) -> 1194.6365 | BE36: 19 | BF36: =STDEV(AM36:AN36)/SQRT(COUNT(AM36:AN36)) -> 113.66525 | BG36: =STDEV(AO36:AQ36)/SQRT(COUNT(AO36:AQ36)) -> 171.13975 | BH36: =STDEV(AR36:AS36)/SQRT(COUNT(AR36:AS36)) -> 24.8395 | BI36: =STDEV(AT36:AU36)/SQRT(COUNT(AT36:AU36)) -> 47.9425
A37: Stdev | D37: 2.085965 | G37: 9.0863221 | J37: 2.0741799 | M37: 3.1112698 | Z37: 20 | AA37: =AA17/3 -> 76.708 | AB37: =AB17/2 -> 74.5185 | AC37: =AC17/2 -> 74.292 | AD37: =AD17/2 -> 74.5185 | AE37: =AE17/1 -> 96.942 | AF37: =AF17/2 -> 78.822 | AG37: =AG17/2 -> 74.0655 | AH37: =AH17/1 -> 69.762 | AI37: =AI17/3 -> 63.873 | AL37: 20 | AM37: =SUM(AA22:AA37) -> 1604.828 | AN37: =SUM(AB22:AB37) -> 1375.308 | AO37: =SUM(AC22:AC37) -> 1800.9015 | AP37: =SUM(AD22:AD37) -> 1292.1825 | AQ37: =SUM(AC22:AC28,AE29:AE37) -> 1832.385 | AR37: =SUM(AF22:AF37) -> 1393.6545 | AS37: =SUM(AG22:AG37) -> 1438.577 | AT37: =SUM(AH22:AH37) -> 1312.341 | AU37: =SUM(AI22:AI37) -> 1210.567 | AX37: 20 | AY37: =AVERAGE(AM37:AN37) -> 1490.068 | AZ37: =AVERAGE(AO37:AQ37) -> 1641.823 | BA37: =AVERAGE(AR37:AS37) -> 1416.1157 | BB37: =AVERAGE(AT37:AU37) -> 1261.454 | BE37: 20 | BF37: =STDEV(AM37:AN37)/SQRT(COUNT(AM37:AN37)) -> 114.76 | BG37: =STDEV(AO37:AQ37)/SQRT(COUNT(AO37:AQ37)) -> 175.05634 | BH37: =STDEV(AR37:AS37)/SQRT(COUNT(AR37:AS37)) -> 22.46125 | BI37: =STDEV(AT37:AU37)/SQRT(COUNT(AT37:AU37)) -> 50.887
A38: SEM | D38: 1.475 | G38: 6.425 | J38: 1.4666667 | M38: 2.2 | Z38: 21 | AA38: =AA18/3 -> 79.426 | AB38: =AB18/2 -> 79.275 | AC38: =AC18/2 -> 80.181 | AD38: =AD18/2 -> 76.557 | AE38: =AE18/1 -> 100.113 | AF38: =AF18/2 -> 84.711 | AG38: =AG18/2 -> 77.2365 | AH38: =AH18/1 -> 68.856 | AI38: =AI18/3 -> 62.212 | AL38: 21 | AM38: =SUM(AA22:AA38) -> 1684.254 | AN38: =SUM(AB22:AB38) -> 1454.583 | AO38: =SUM(AC22:AC38) -> 1881.0825 | AP38: =SUM(AD22:AD38) -> 1368.7395 | AQ38: =SUM(AC22:AC28,AE29:AE38) -> 1932.498 | AR38: =SUM(AF22:AF38) -> 1478.3655 | AS38: =SUM(AG22:AG38) -> 1515.8135 | AT38: =SUM(AH22:AH38) -> 1381.197 | AU38: =SUM(AI22:AI38) -> 1272.779 | AX38: 21 | AY38: =AVERAGE(AM38:AN38) -> 1569.4185 | AZ38: =AVERAGE(AO38:AQ38) -> 1727.44 | BA38: =AVERAGE(AR38:AS38) -> 1497.0895 | BB38: =AVERAGE(AT38:AU38) -> 1326.988 | BE38: 21 | BF38: =STDEV(AM38:AN38)/SQRT(COUNT(AM38:AN38)) -> 114.8355 | BG38: =STDEV(AO38:AQ38)/SQRT(COUNT(AO38:AQ38)) -> 179.96335 | BH38: =STDEV(AR38:AS38)/SQRT(COUNT(AR38:AS38)) -> 18.724 | BI38: =STDEV(AT38:AU38)/SQRT(COUNT(AT38:AU38)) -> 54.209
Z39: 23 | AA39: =AA19/3 -> 59.192 | AB39: =AB19/2 -> 71.574 | AC39: =AC19/2 -> 96.489 | AD39: =AD19/2 -> 104.643 | AE39: =AE19/2 -> 0 | AF39: =AF19/2 -> 94.4505 | AG39: =AG19/2 -> 81.7665 | AH39: =AH19/1 -> 75.198 | AI39: =AI19/2 -> 78.1425 | AL39: 23 | AM39: =SUM(AA22:AA39) -> 1743.446 | AN39: =SUM(AB22:AB39) -> 1526.157 | AO39: =SUM(AC22:AC39) -> 1977.5715 | AP39: =SUM(AD22:AD39) -> 1473.3825 | AQ39: dead | AR39: =SUM(AF22:AF39) -> 1572.816 | AS39: =SUM(AG22:AG39) -> 1597.58 | AT39: =SUM(AH22:AH39) -> 1456.395 | AU39: =SUM(AI22:AI39) -> 1350.9215 | AX39: 23 | AY39: =AVERAGE(AM39:AN39) -> 1634.8015 | AZ39: =AVERAGE(AO39:AP39) -> 1725.477 | BA39: =AVERAGE(AR39:AS39) -> 1585.198 | BB39: =AVERAGE(AT39:AU39) -> 1403.6582 | BE39: 23 | BF39: =STDEV(AM39:AN39)/SQRT(COUNT(AM39:AN39)) -> 108.6445 | BG39: =STDEV(AO39:AP39)/SQRT(COUNT(AO39:AP39)) -> 252.0945 | BH39: =STDEV(AR39:AS39)/SQRT(COUNT(AR39:AS39)) -> 12.382 | BI39: =STDEV(AT39:AU39)/SQRT(COUNT(AT39:AU39)) -> 52.73675
A40: Week 3 | B40: AT-pre | C40: AT-post | D40: AT-diff | E40: AA-pre | F40: AA-post | G40: AA-diff | H40: LT-pre | I40: LT-post | J40: LT-diff | K40: LA-pre | L40: LA-post | M40: LA-diff | N40: 8/27/2018-9/5/2018
A41: 1 | B41: 562 | C41: 458.5 | D41: 25.875 | E41: 504.5 | F41: 448 | G41: 14.125 | H41: 515.3 | I41: 448 | J41: 22.433333 | K41: 539.8 | L41: 445.3 | M41: 31.5 | N41: 9 days
A42: 2 | B42: 520.6 | C42: 475.4 | D42: 22.6 | E42: 556.9 | F42: 506.7 | G42: 25.1 | H42: 562.4 | I42: 506.7 | J42: 18.566667 | K42: 522.8 | L42: 458.7 | M42: 21.366667
A43: Avg | D43: 24.2375 | G43: 19.6125 | J43: 20.5 | M43: 26.433333
A44: Stdev | D44: 2.3157747 | G44: 7.7604969 | J44: 2.7341462 | M44: 7.1653487
A45: SEM | D45: 1.6375 | G45: 5.4875 | J45: 1.9333333 | M45: 5.0666667
A47: Week 4 | B47: AT-pre | C47: AT-post | D47: AT-diff | E47: AA-pre | F47: AA-post | G47: AA-diff | H47: LT-pre | I47: LT-post | J47: LT-diff | K47: LA-pre | L47: LA-post | M47: LA-diff | N47: 9/5/2018-9/12/2018
A48: 1 | B48: 458.5 | C48: 234.5 | D48: 56 | E48: 448 | F48: 187.5 | G48: 65.125 | H48: 448 | I48: 399.2 | J48: 16.266667 | K48: 445.3 | L48: 385.2 | M48: 20.033333 | N48: 7 days
A49: 2 | B49: 475.4 | C49: 450.5 | D49: 12.45 | E49: 506.7 | F49: 459.8 | G49: 23.45 | H49: 506.7 | I49: 460.1 | J49: 15.533333 | K49: 458.7 | L49: 422.4 | M49: 12.1 | N49: AT and AA post food weights?? (so much consumed, is that realistic?)
A50: Avg | D50: 34.225 | G50: 44.2875 | J50: 15.9 | M50: 16.066667 | N50: was food dumped out and replaced without a comment? May need to throw out this timepoint
A51: Stdev | D51: 30.7945 | G51: 29.468675 | J51: 0.51854497 | M51: 5.6097138
A52: SEM | D52: 21.775 | G52: 20.8375 | J52: 0.36666667 | M52: 3.9666667
A54: Week 5 | B54: AT-pre | C54: AT-post | D54: AT-diff | E54: AA-pre | F54: AA-post | G54: AA-diff | H54: LT-pre | I54: LT-post | J54: LT-diff | K54: LA-pre | L54: LA-post | M54: LA-diff | N54: 9/12/2018-9/19/2018
A55: 1 | B55: 484 | C55: 407.9 | D55: 19.025 | E55: 448.7 | F55: 242.9 | G55: 51.45 | H55: 399.2 | I55: 349.5 | J55: 16.566667 | K55: 385.2 | L55: 300.5 | M55: 28.233333 | N55: 7 days
A56: 2 | B56: 450.5 | C56: 418.9 | D56: 15.8 | E56: 459.8 | F56: 426.1 | G56: 16.85 | H56: 460.1 | I56: 408.9 | J56: 17.066667 | K56: 422.4 | L56: 377.5 | M56: 14.966667 | N56: AA post food weights?? (so much consumed, is that realistic?)
A57: Avg | D57: 17.4125 | G57: 34.15 | J57: 16.816667 | M57: 21.6 | N57: was food dumped out and replaced without a comment? May need to throw out this timepoint
A58: Stdev | D58: 2.2804194 | G58: 24.465895 | J58: 0.35355339 | M58: 9.38095
A59: SEM | D59: 1.6125 | G59: 17.3 | J59: 0.25 | M59: 6.6333333
A61: Week 6 | B61: AT-pre | C61: AT-post | D61: AT-diff | E61: AA-pre | F61: AA-post | G61: AA-diff | H61: LT-pre | I61: LT-post | J61: LT-diff | K61: LA-pre | L61: LA-post | M61: LA-diff | N61: 9/19/2018-9/26/2018
A62: 1 | B62: 407.9 | C62: 335.9 | D62: 18 | E62: 242.9 | F62: 371.7 | G62: -32.2 | H62: 349.5 | I62: 296.1 | J62: 17.8 | K62: 300.5 | L62: 248.7 | M62: 17.266667 | N62: 7 days
A63: 2 | B63: 418.9 | C63: 387.1 | D63: 15.9 | E63: 426.1 | F63: 192.6 | G63: 116.75 | H63: 408.9 | I63: 357.4 | J63: 17.166667 | K63: 377.5 | L63: 281.5 | M63: 32 | N63: AA post food weights?? (so much consumed, is that realistic?)
A64: Avg | D64: 16.95 | G64: 42.275 | J64: 17.483333 | M64: 24.633333 | N64: was food dumped out and replaced without a comment? May need to throw out this timepoint
A65: Stdev | D65: 1.4849242 | G65: 105.32356 | J65: 0.44783429 | M65: 10.41804 | N65: have to throw out this timepoint--AA had food added
A66: SEM | D66: 1.05 | G66: 74.475 | J66: 0.31666667 | M66: 7.3666667
A68: Week 7 | B68: AT-pre | C68: AT-post | D68: AT-diff | E68: AA-pre | F68: AA-post | G68: AA-diff | H68: LT-pre | I68: LT-post | J68: LT-diff | K68: LA-pre | L68: LA-post | M68: LA-diff | N68: 9/26/2018-10/3/2018
A69: 1 | B69: 335.9 | C69: 270 | D69: 16.475 | E69: 371.7 | F69: 227.6 | G69: 36.025 | H69: 296.1 | I69: 241.3 | J69: 18.266667 | K69: 248.7 | L69: 202.6 | M69: 15.366667 | N69: 7 days
A70: 2 | B70: 387.1 | C70: 352 | D70: 17.55 | E70: 192.6 | F70: 364.7 | G70: -86.05 | H70: 357.4 | I70: 301.4 | J70: 18.666667 | K70: 281.5 | L70: 217.8 | M70: 21.233333 | N70: AA post food weights?
A71: Avg | D71: 17.0125 | G71: -25.0125 | J71: 18.466667 | M71: 18.3 | N71: have to throw out this timepoint--AA had food added
A72: Stdev | D72: 0.76013979 | G72: 86.32006 | J72: 0.28284271 | M72: 4.1483598
A73: SEM | D73: 0.5375 | G73: 61.0375 | J73: 0.2 | M73: 2.9333333
A75: Week 8 | B75: AT-pre | C75: AT-post | D75: AT-diff | E75: AA-pre | F75: AA-post | G75: AA-diff | H75: LT-pre | I75: LT-post | J75: LT-diff | K75: LA-pre | L75: LA-post | M75: LA-diff | N75: 10/3/2018-10/12/2018
A76: 1 | B76: 270 | C76: 182.9 | D76: 21.775 | E76: 227.6 | F76: 143.2 | G76: 21.1 | H76: 241.3 | I76: 160.4 | J76: 26.966667 | K76: 202.6 | L76: 143.2 | M76: 19.8 | N76: 9 days
A77: 2 | B77: 352 | C77: 308.3 | D77: 21.85 | E77: 364.7 | F77: 324.5 | G77: 20.1 | H77: 301.4 | I77: 220 | J77: 27.133333 | K77: 217.8 | L77: 146 | M77: 23.933333
A78: Avg | D78: 21.8125 | G78: 20.6 | J78: 27.05 | M78: 21.866667
A79: Stdev | D79: 0.053033009 | G79: 0.70710678 | J79: 0.11785113 | M79: 2.922708
A80: SEM | D80: 0.0375 | G80: 0.5 | J80: 0.083333333 | M80: 2.0666667
A82: Week 9 | B82: AT-pre | C82: AT-post | D82: AT-diff | E82: AA-pre | F82: AA-post | G82: AA-diff | H82: LT-pre | I82: LT-post | J82: LT-diff | K82: LA-pre | L82: LA-post | M82: LA-diff | N82: 10/12/2018-10/17/2018
A83: 1 | B83: 182.9 | C83: 156.3 | D83: 6.65 | E83: 143.2 | F83: 163.8 | G83: -5.15 | H83: 160.4 | I83: 172.3 | J83: -3.9666667 | K83: 143.2 | L83: 210.8 | M83: -22.533333 | N83: 5 days
A84: 2 | B84: 308.3 | C84: 278.2 | D84: 15.05 | E84: 324.5 | F84: 295.8 | G84: 14.35 | H84: 220 | I84: 171.8 | J84: 16.066667 | K84: 146 | L84: 166.7 | M84: -6.9 | N84: AA, LT, LA post food weights?
A85: Avg | D85: 10.85 | G85: 4.6 | J85: 6.05 | M85: -14.716667 | N85: have to throw out this timepoint-LT and LA had food added
A86: Stdev | D86: 5.939697 | G86: 13.788582 | J86: 14.165706 | M86: 11.054436
A87: SEM | D87: 4.2 | G87: 9.75 | J87: 10.016667 | M87: 7.8166667
A89: Week 10 | B89: AT-pre | C89: AT-post | D89: AT-diff | E89: AA-pre | F89: AA-post | G89: AA-diff | H89: LT-pre | I89: LT-post | J89: LT-diff | K89: LA-pre | L89: LA-post | M89: LA-diff | N89: 10/17/2018-10/25/2018
A90: 1 | B90: 156.3 | C90: 73.7 | D90: 20.65 | E90: 163.8 | F90: 87.3 | G90: 19.125 | H90: 172.3 | I90: 107.2 | J90: 21.7 | K90: 210.8 | L90: 152.5 | M90: 19.433333 | N90: 8 days
A91: 2 | B91: 278.2 | C91: 239.7 | D91: 19.25 | E91: 295.8 | F91: 262.6 | G91: 16.6 | H91: 171.8 | I91: 99.3 | J91: 24.166667 | K91: 166.7 | L91: 98 | M91: 22.9
A92: Avg | D92: 19.95 | G92: 17.8625 | J92: 22.933333 | M92: 21.166667
A93: Stdev | D93: 0.98994949 | G93: 1.7854446 | J93: 1.7441967 | M93: 2.4513035
A94: SEM | D94: 0.7 | G94: 1.2625 | J94: 1.2333333 | M94: 1.7333333
A96: Week 11 | B96: AT-pre | C96: AT-post | D96: AT-diff | E96: AA-pre | F96: AA-post | G96: AA-diff | H96: LT-pre | I96: LT-post | J96: LT-diff | K96: LA-pre | L96: LA-post | M96: LA-diff | N96: 10/25/2018-10/31/2018
A97: 1 | B97: 220.6 | C97: 165.2 | D97: 13.85 | E97: 158.5 | F97: 139.5 | G97: 9.5 | H97: 231.5 | I97: 190.1 | J97: 13.8 | K97: 310.5 | L97: 274.2 | M97: 12.1 | N97: 6 days
A98: 2 | B98: 239.7 | C98: 211.3 | D98: 14.2 | E98: 262.6 | F98: 237.9 | G98: 12.35 | H98: 292.5 | I98: 248.1 | J98: 14.8 | K98: 252.5 | L98: 210.7 | M98: 13.933333 | N98: 125 split into cages 125A and 125B
A99: 3 | E99: 104.3 | F99: 81.3 | G99: 11.5
A100: Avg | D100: 14.025 | G100: 11.116667 | J100: 14.3 | M100: 13.016667
A101: Stdev | D101: 0.24748737 | G101: 1.4631587 | J101: 0.70710678 | M101: 1.2963624
A102: SEM | D102: 0.175 | G102: 0.84475506 | J102: 0.5 | M102: 0.91666667
A104: Week 12 | B104: AT-pre | C104: AT-post | D104: AT-diff | E104: AA-pre | F104: AA-post | G104: AA-diff | H104: LT-pre | I104: LT-post | J104: LT-diff | K104: LA-pre | L104: LA-post | M104: LA-diff | N104: 10/31/2018-11/07/2018
A105: 1 | B105: 165.2 | C105: 84.4 | D105: 20.2 | E105: 139.5 | F105: 97.1 | G105: 21.2 | H105: 190.1 | I105: 126.4 | J105: 21.233333 | K105: 274.2 | L105: 217.2 | M105: 19 | N105: 7 days
A106: 2 | B106: 211.3 | C106: 167.3 | D106: 22 | E106: 237.9 | F106: 202.8 | G106: 17.55 | H106: 248.1 | I106: 200.8 | J106: 23.65 | K106: 210.7 | L106: 141.3 | M106: 23.133333
A107: 3 | E107: 81.3 | F107: 48.7 | G107: 16.3
A108: Avg | D108: 21.1 | G108: 18.35 | J108: 22.441667 | M108: 21.066667
A109: Stdev | D109: 1.2727922 | G109: 2.5460754 | J109: 1.7088414 | M109: 2.922708
...

Sheet Cum food intake take 1
A1: g/mouse/day | B1: Week | C1: AT_1 | D1: AT_2 | E1: AA_1 | F1: AA_2 | G1: AA_3 | H1: LT_1 | I1: LT_2 | J1: LA_1 | K1: LA_2 | M1: kcal/mouse/day | N1: Week | O1: AT_1 | P1: AT_2 | Q1: AA_1 | R1: AA_2 | S1: AA_3 | T1: LT_1 | U1: LT_2 | V1: LA_1 | W1: LA_2 | Y1: cum kcal/mouse/day
B2: 1 | C2: 3.3916667 | D2: 2.15 | E2: 1.3083333 | F2: 1.35 | H2: 2.1111111 | I2: 2.0222222 | J2: 1.7 | K2: 1.5555556 | N2: 1 | O2: =C2*4.53 -> 15.36425 | P2: =D2*4.53 -> 9.7395 | Q2: =E2*4.53 -> 5.92675 | R2: =F2*4.53 -> 6.1155 | S2: =G2*4.53 -> 0 | T2: =H2*4.53 -> 9.5633333 | U2: =I2*4.53 -> 9.1606667 | V2: =J2*4.53 -> 7.701 | W2: =K2*4.53 -> 7.0466667
B3: 2 | C3: 2.2214286 | D3: 1.8 | E3: 4.4071429 | F3: 2.5714286 | H3: 4.5 | I3: 5.4777778 | J3: 5.2777778 | K3: 3.8111111 | N3: 2 | O3: =C3*4.53 -> 10.063071 | P3: =D3*4.53 -> 8.154 | Q3: =E3*4.53 -> 19.964357 | R3: =F3*4.53 -> 11.648571 | S3: =G3*4.53 -> 0 | T3: =H3*4.53 -> 20.385 | U3: =I3*4.53 -> 24.814333 | V3: =J3*4.53 -> 23.908333 | W3: =K3*4.53 -> 17.264333
B4: 3 | C4: 2.875 | D4: 2.5111111 | E4: 1.5694444 | F4: 2.7888889 | H4: 2.4925926 | I4: 2.062963 | J4: 3.5 | K4: 2.3740741 | N4: 3 | O4: =C4*4.53 -> 13.02375 | P4: =D4*4.53 -> 11.375333 | Q4: =E4*4.53 -> 7.1095833 | R4: =F4*4.53 -> 12.633667 | S4: =G4*4.53 -> 0 | T4: =H4*4.53 -> 11.291444 | U4: =I4*4.53 -> 9.3452222 | V4: =J4*4.53 -> 15.855 | W4: =K4*4.53 -> 10.754556
B5: 4 | C5: 8 | D5: 1.7785714 | E5: 9.3035714 | F5: 3.35 | H5: 2.3238095 | I5: 2.2190476 | J5: 2.8619048 | K5: 1.7285714 | N5: 4 | O5: =C5*4.53 -> 36.24 | P5: =D5*4.53 -> 8.0569286 | Q5: =E5*4.53 -> 42.145179 | R5: =F5*4.53 -> 15.1755 | S5: =G5*4.53 -> 0 | T5: =H5*4.53 -> 10.526857 | U5: =I5*4.53 -> 10.052286 | V5: =J5*4.53 -> 12.964429 | W5: =K5*4.53 -> 7.8304286
B6: 5 | C6: 2.7178571 | D6: 2.2571429 | E6: 7.35 | F6: 2.4071429 | H6: 2.3666667 | I6: 2.4380952 | J6: 4.0333333 | K6: 2.1380952 | N6: 5 | O6: =C6*4.53 -> 12.311893 | P6: =D6*4.53 -> 10.224857 | Q6: =E6*4.53 -> 33.2955 | R6: =F6*4.53 -> 10.904357 | S6: =G6*4.53 -> 0 | T6: =H6*4.53 -> 10.721 | U6: =I6*4.53 -> 11.044571 | V6: =J6*4.53 -> 18.271 | W6: =K6*4.53 -> 9.6855714
B7: 6 | C7: 2.5714286 | D7: 2.2714286 | E7: -4.6 | F7: 16.678571 | H7: 2.5428571 | I7: 2.452381 | J7: 2.4666667 | K7: 4.5714286 | N7: 6 | O7: =C7*4.53 -> 11.648571 | P7: =D7*4.53 -> 10.289571 | Q7: =E7*4.53 -> -20.838 | R7: =F7*4.53 -> 75.553929 | S7: =G7*4.53 -> 0 | T7: =H7*4.53 -> 11.519143 | U7: =I7*4.53 -> 11.109286 | V7: =J7*4.53 -> 11.174 | W7: =K7*4.53 -> 20.708571
B8: 7 | C8: 2.3535714 | D8: 2.5071429 | E8: 5.1464286 | F8: -12.292857 | H8: 2.6095238 | I8: 2.6666667 | J8: 2.1952381 | K8: 3.0333333 | N8: 7 | O8: =C8*4.53 -> 10.661679 | P8: =D8*4.53 -> 11.357357 | Q8: =E8*4.53 -> 23.313321 | R8: =F8*4.53 -> -55.686643 | S8: =G8*4.53 -> 0 | T8: =H8*4.53 -> 11.821143 | U8: =I8*4.53 -> 12.08 | V8: =J8*4.53 -> 9.9444286 | W8: =K8*4.53 -> 13.741
B9: 8 | C9: 2.4194444 | D9: 2.4277778 | E9: 2.3444444 | F9: 2.2333333 | H9: 2.9962963 | I9: 3.0148148 | J9: 2.2 | K9: 2.6592593 | N9: 8 | O9: =C9*4.53 -> 10.960083 | P9: =D9*4.53 -> 10.997833 | Q9: =E9*4.53 -> 10.620333 | R9: =F9*4.53 -> 10.117 | S9: =G9*4.53 -> 0 | T9: =H9*4.53 -> 13.573222 | U9: =I9*4.53 -> 13.657111 | V9: =J9*4.53 -> 9.966 | W9: =K9*4.53 -> 12.046444
B10: 9 | C10: 1.33 | D10: 3.01 | E10: -1.03 | F10: 2.87 | H10: -0.79333333 | I10: 3.2133333 | J10: -4.5066667 | K10: -1.38 | N10: 9 | O10: =C10*4.53 -> 6.0249 | P10: =D10*4.53 -> 13.6353 | Q10: =E10*4.53 -> -4.6659 | R10: =F10*4.53 -> 13.0011 | S10: =G10*4.53 -> 0 | T10: =H10*4.53 -> -3.5938 | U10: =I10*4.53 -> 14.5564 | V10: =J10*4.53 -> -20.4152 | W10: =K10*4.53 -> -6.2514
B11: 10 | C11: 2.58125 | D11: 2.40625 | E11: 2.390625 | F11: 2.075 | H11: 2.7125 | I11: 3.0208333 | J11: 2.4291667 | K11: 2.8625 | N11: 10 | O11: =C11*4.53 -> 11.693063 | P11: =D11*4.53 -> 10.900313 | Q11: =E11*4.53 -> 10.829531 | R11: =F11*4.53 -> 9.39975 | S11: =G11*4.53 -> 0 | T11: =H11*4.53 -> 12.287625 | U11: =I11*4.53 -> 13.684375 | V11: =J11*4.53 -> 11.004125 | W11: =K11*4.53 -> 12.967125
B12: 11 | C12: 2.3083333 | D12: 2.3666667 | E12: 1.9 | F12: 2.0583333 | G12: 2.3 | H12: 2.3 | I12: 2.4666667 | J12: 2.0166667 | K12: 2.3222222 | N12: 11 | O12: =C12*4.53 -> 10.45675 | P12: =D12*4.53 -> 10.721 | Q12: =E12*4.53 -> 8.607 | R12: =F12*4.53 -> 9.32425 | S12: =G12*4.53 -> 10.419 | T12: =H12*4.53 -> 10.419 | U12: =I12*4.53 -> 11.174 | V12: =J12*4.53 -> 9.1355 | W12: =K12*4.53 -> 10.519667
B13: 12 | C13: 2.8857143 | D13: 3.1428571 | E13: 3.0285714 | F13: 2.5071429 | G13: 2.3285714 | H13: 3.0333333 | I13: 3.3785714 | J13: 2.7142857 | K13: 3.3047619 | N13: 12 | O13: =C13*4.53 -> 13.072286 | P13: =D13*4.53 -> 14.237143 | Q13: =E13*4.53 -> 13.719429 | R13: =F13*4.53 -> 11.357357 | S13: =G13*4.53 -> 10.548429 | T13: =H13*4.53 -> 13.741 | U13: =I13*4.53 -> 15.304929 | V13: =J13*4.53 -> 12.295714 | W13: =K13*4.53 -> 14.970571
B14: 13 | C14: 3.1142857 | D14: 2.7928571 | E14: 3.8928571 | F14: 2.7642857 | G14: 3.7571429 | H14: 2.8571429 | I14: 3.5285714 | J14: 2.5380952 | K14: 2.9857143 | N14: 13 | O14: =C14*4.53 -> 14.107714 | P14: =D14*4.53 -> 12.651643 | Q14: =E14*4.53 -> 17.634643 | R14: =F14*4.53 -> 12.522214 | S14: =G14*4.53 -> 17.019857 | T14: =H14*4.53 -> 12.942857 | U14: =I14*4.53 -> 15.984429 | V14: =J14*4.53 -> 11.497571 | W14: =K14*4.53 -> 13.525286
B15: 14 | C15: 2.6357143 | D15: 2.3785714 | E15: 3.1642857 | F15: 2.1142857 | G15: 2.5 | H15: 2.7333333 | I15: 2.4857143 | J15: 2.252381 | K15: 2.3333333 | N15: 14 | O15: =C15*4.53 -> 11.939786 | P15: =D15*4.53 -> 10.774929 | Q15: =E15*4.53 -> 14.334214 | R15: =F15*4.53 -> 9.5777143 | S15: =G15*4.53 -> 11.325 | T15: =H15*4.53 -> 12.382 | U15: =I15*4.53 -> 11.260286 | V15: =J15*4.53 -> 10.203286 | W15: =K15*4.53 -> 10.57
B16: 15 | C16: 2.7357143 | D16: 2.8571429 | E16: 3.0285714 | F16: 2.2285714 | G16: 2.2714286 | H16: 2.6142857 | I16: 0.32142857 | J16: 2.0619048 | K16: 3.3047619 | N16: 15 | O16: =C16*4.53 -> 12.392786 | P16: =D16*4.53 -> 12.942857 | Q16: =E16*4.53 -> 13.719429 | R16: =F16*4.53 -> 10.095429 | S16: =G16*4.53 -> 10.289571 | T16: =H16*4.53 -> 11.842714 | U16: =I16*4.53 -> 1.4560714 | V16: =J16*4.53 -> 9.3404286 | W16: =K16*4.53 -> 14.970571
B17: 16 | C17: 3.0535714 | D17: 2.8285714 | E17: 3.65 | F17: 2.7357143 | G17: 3.2 | H17: 2.7857143 | I17: 3.0571429 | J17: 2.5 | K17: 2.4095238 | N17: 16 | O17: =C17*4.53 -> 13.832679 | P17: =D17*4.53 -> 12.813429 | Q17: =E17*4.53 -> 16.5345 | R17: =F17*4.53 -> 12.392786 | S17: =G17*4.53 -> 14.496 | T17: =H17*4.53 -> 12.619286 | U17: =I17*4.53 -> 13.848857 | V17: =J17*4.53 -> 11.325 | W17: =K17*4.53 -> 10.915143
B18: 17 | C18: 2.8678571 | D18: 2.95 | E18: 2.3571429 | F18: 2.4214286 | G18: 2.5 | H18: 2.652381 | I18: 3.1 | J18: 2.0428571 | K18: 2.0047619 | N18: 17 | O18: =C18*4.53 -> 12.991393 | P18: =D18*4.53 -> 13.3635 | Q18: =E18*4.53 -> 10.677857 | R18: =F18*4.53 -> 10.969071 | S18: =G18*4.53 -> 11.325 | T18: =H18*4.53 -> 12.015286 | U18: =I18*4.53 -> 14.043 | V18: =J18*4.53 -> 9.2541429 | W18: =K18*4.53 -> 9.0815714
B19: 18 | C19: 3.0428571 | D19: 3.85 | E19: 3.0642857 | F19: 2.6642857 | G19: 4.7714286 | H19: 3.1785714 | I19: 3.0571429 | J19: 2.6714286 | K19: 2.2857143 | N19: 18 | O19: =C19*4.53 -> 13.784143 | P19: =D19*4.53 -> 17.4405 | Q19: =E19*4.53 -> 13.881214 | R19: =F19*4.53 -> 12.069214 | S19: =G19*4.53 -> 21.614571 | T19: =H19*4.53 -> 14.398929 | U19: =I19*4.53 -> 13.848857 | V19: =J19*4.53 -> 12.101571 | W19: =K19*4.53 -> 10.354286
B20: 19 | C20: 3.4703704 | D20: 4.0388889 | E20: 3.5388889 | F20: 2.8722222 | G20: 3.6111111 | H20: 3.5555556 | I20: 3.4666667 | J20: 3.4111111 | K20: 2.2851852 | N20: 19 | O20: =C20*4.53 -> 15.720778 | P20: =D20*4.53 -> 18.296167 | Q20: =E20*4.53 -> 16.031167 | R20: =F20*4.53 -> 13.011167 | S20: =G20*4.53 -> 16.358333 | T20: =H20*4.53 -> 16.106667 | U20: =I20*4.53 -> 15.704 | V20: =J20*4.53 -> 15.452333 | W20: =K20*4.53 -> 10.351889
B21: 20 | C21: 2.8222222 | D21: 2.7416667 | E21: 2.7333333 | F21: 2.7416667 | G21: 3.5666667 | H21: 2.9 | I21: 2.725 | J21: 2.5666667 | K21: 2.35 | N21: 20 | O21: =C21*4.53 -> 12.784667 | P21: =D21*4.53 -> 12.41975 | Q21: =E21*4.53 -> 12.382 | R21: =F21*4.53 -> 12.41975 | S21: =G21*4.53 -> 16.157 | T21: =H21*4.53 -> 13.137 | U21: =I21*4.53 -> 12.34425 | V21: =J21*4.53 -> 11.627 | W21: =K21*4.53 -> 10.6455
B22: 21 | C22: 2.9222222 | D22: 2.9166667 | E22: 2.95 | F22: 2.8166667 | G22: 3.6833333 | H22: 3.1166667 | I22: 2.8416667 | J22: 2.5333333 | K22: 2.2888889 | N22: 21 | O22: =C22*4.53 -> 13.237667 | P22: =D22*4.53 -> 13.2125 | Q22: =E22*4.53 -> 13.3635 | R22: =F22*4.53 -> 12.7595 | S22: =G22*4.53 -> 16.6855 | T22: =H22*4.53 -> 14.1185 | U22: =I22*4.53 -> 12.87275 | V22: =J22*4.53 -> 11.476 | W22: =K22*4.53 -> 10.368667
B23: 22 | C23: 4.2 | E23: 3.325 | N23: 22 | O23: =C23*4.53 -> 19.026 | P23: =D23*4.53 -> 0 | Q23: =E23*4.53 -> 15.06225 | R23: =F23*4.53 -> 0 | S23: =G23*4.53 -> 0 | T23: =H23*4.53 -> 0 | U23: =I23*4.53 -> 0 | V23: =J23*4.53 -> 0 | W23: =K23*4.53 -> 0
B24: 23 | C24: 3.2666667 | D24: 3.95 | E24: 4.26 | F24: 4.62 | H24: 4.17 | I24: 3.61 | J24: 3.32 | K24: 4.3125 | N24: 23 | O24: =C24*4.53 -> 14.798 | P24: =D24*4.53 -> 17.8935 | Q24: =E24*4.53 -> 19.2978 | R24: =F24*4.53 -> 20.9286 | S24: =G24*4.53 -> 0 | T24: =H24*4.53 -> 18.8901 | U24: =I24*4.53 -> 16.3533 | V24: =J24*4.53 -> 15.0396 | W24: =K24*4.53 -> 19.535625
A26: g/mouse/week | B26: Week | C26: AT_1 | D26: AT_2 | E26: AA_1 | F26: AA_2 | G26: AA_3 | H26: LT_1 | I26: LT_2 | J26: LA_1 | K26: LA_2 | M26: kcal/mouse/week | N26: Week | O26: AT_1 | P26: AT_2 | Q26: AA_1 | R26: AA_2 | S26: AA_3 | T26: LT_1 | U26: LT_2 | V26: LA_1 | W26: LA_2 | Y26: kcal/mouse/week | Z26: Week | AA26: AT_1 | AB26: AT_2 | AC26: AA_1 | AD26: AA_2 | AE26: AA_3 | AF26: LT_1 | AG26: LT_2 | AH26: LA_1 | AI26: LA_2 | AK26: cum kcal/mouse/week | AL26: Week | AM26: AT_1 | AN26: AT_2 | AO26: AA_1 | AP26: AA_2 | AQ26: AA_3 | AR26: LT_1 | AS26: LT_2 | AT26: LA_1 | AU26: LA_2 | AW26: relative cum kcal/mouse/week | AX26: Week | AY26: AT_1 | AZ26: AT_2 | BA26: AA_1 | BB26: AA_2 | BC26: AA_3 | BD26: LT_1 | BE26: LT_2 | BF26: LA_1 | BG26: LA_2
B27: 1 | C27: ='g food per mouse per week'!D2 -> 10.175 | D27: ='g food per mouse per week'!D3 -> 6.45 | E27: ='g food per mouse per week'!G2 -> 3.925 | F27: ='g food per mouse per week'!G3 -> 4.05 | H27: ='g food per mouse per week'!J2 -> 6.3333333 | I27: ='g food per mouse per week'!J3 -> 6.0666667 | J27: ='g food per mouse per week'!M2 -> 5.1 | K27: ='g food per mouse per week'!M3 -> 4.6666667 | N27: 1 | O27: =C27*4.53 -> 46.09275 | P27: =D27*4.53 -> 29.2185 | Q27: =E27*4.53 -> 17.78025 | R27: =F27*4.53 -> 18.3465 | S27: =G27*4.53 -> 0 | T27: =H27*4.53 -> 28.69 | U27: =I27*4.53 -> 27.482 | V27: =J27*4.53 -> 23.103 | W27: =K27*4.53 -> 21.14 | Z27: 1 | AA27: 46.09275 | AB27: 29.2185 | AC27: 17.78025 | AD27: 18.3465 | AE27: 0 | AF27: 28.69 | AG27: 27.482 | AH27: 23.103 | AI27: 21.14 | AL27: 1 | AM27: 46.09275 | AN27: 29.2185 | AO27: 17.78025 | AP27: 18.3465 | AQ27: 0 | AR27: 28.69 | AS27: 27.482 | AT27: 23.103 | AU27: 21.14 | AX27: 1 | AY27: =AM27/$AM$27 -> 1 | AZ27: =AN27/$AN$27 -> 1 | BA27: =AO27/AO$27 -> 1 | BB27: =AP27/AP$27 -> 1 | BC27: =AQ27/AQ$27 -> #DIV/0! | BD27: =AR27/AR$27 -> 1 | BE27: =AS27/AS$27 -> 1 | BF27: =AT27/AT$27 -> 1 | BG27: =AU27/AU$27 -> 1
B28: 2 | C28: ='g food per mouse per week'!D9 -> 15.55 | D28: ='g food per mouse per week'!D10 -> 12.6 | E28: 30.85 | F28: 18 | H28: 13.5 | I28: 16.433333 | J28: 15.833333 | K28: 11.433333 | N28: 2 | O28: =C28*4.53 -> 70.4415 | P28: =D28*4.53 -> 57.078 | Q28: =E28*4.53 -> 139.7505 | R28: =F28*4.53 -> 81.54 | S28: =G28*4.53 -> 0 | T28: =H28*4.53 -> 61.155 | U28: =I28*4.53 -> 74.443 | V28: =J28*4.53 -> 71.725 | W28: =K28*4.53 -> 51.793 | Z28: 2 | AA28: 70.4415 | AB28: 57.078 | AC28: 139.7505 | AD28: 81.54 | AE28: 0 | AF28: 61.155 | AG28: 74.443 | AH28: 71.725 | AI28: 51.793 | AL28: 2 | AM28: =SUM(AA27:AA28) -> 116.53425 | AN28: =SUM(AB27:AB28) -> 86.2965 | AO28: =SUM(AC27:AC28) -> 157.53075 | AP28: =SUM(AD27:AD28) -> 99.8865 | AQ28: =SUM(AE27:AE28) -> 0 | AR28: =SUM(AF27:AF28) -> 89.845 | AS28: =SUM(AG27:AG28) -> 101.925 | AT28: =SUM(AH27:AH28) -> 94.828 | AU28: =SUM(AI27:AI28) -> 72.933 | AX28: 2 | AY28: =AM28/$AM$27 -> 2.5282555 | AZ28: =AN28/$AN$27 -> 2.9534884 | BA28: =AO28/AO$27 -> 8.8598726 | BB28: =AP28/AP$27 -> 5.4444444 | BC28: 0 | BD28: =AR28/AR$27 -> 3.1315789 | BE28: =AS28/AS$27 -> 3.7087912 | BF28: =AT28/AT$27 -> 4.1045752 | BG28: =AU28/AU$27 -> 3.45
B29: 3 | C29: 25.875 | D29: 22.6 | E29: 14.125 | F29: 25.1 | H29: 22.433333 | I29: 18.566667 | J29: 31.5 | K29: 21.366667 | N29: 3 | O29: =C29*4.53 -> 117.21375 | P29: =D29*4.53 -> 102.378 | Q29: =E29*4.53 -> 63.98625 | R29: =F29*4.53 -> 113.703 | S29: =G29*4.53 -> 0 | T29: =H29*4.53 -> 101.623 | U29: =I29*4.53 -> 84.107 | V29: =J29*4.53 -> 142.695 | W29: =K29*4.53 -> 96.791 | Z29: 3 | AA29: 117.21375 | AB29: 102.378 | AC29: 63.98625 | AD29: 113.703 | AE29: 0 | AF29: 101.623 | AG29: 84.107 | AH29: 142.695 | AI29: 96.791 | AL29: 3 | AM29: =SUM(AA27:AA29) -> 233.748 | AN29: =SUM(AB27:AB29) -> 188.6745 | AO29: =SUM(AC27:AC29) -> 221.517 | AP29: =SUM(AD27:AD29) -> 213.5895 | AQ29: =SUM(AE27:AE29) -> 0 | AR29: =SUM(AF27:AF29) -> 191.468 | AS29: =SUM(AG27:AG29) -> 186.032 | AT29: =SUM(AH27:AH29) -> 237.523 | AU29: =SUM(AI27:AI29) -> 169.724 | AX29: 3 | AY29: =AM29/$AM$27 -> 5.0712531 | AZ29: =AN29/$AN$27 -> 6.4573643 | BA29: =AO29/AO$27 -> 12.458599 | BB29: =AP29/AP$27 -> 11.641975 | BC29: 0 | BD29: =AR29/AR$27 -> 6.6736842 | BE29: =AS29/AS$27 -> 6.7692308 | BF29: =AT29/AT$27 -> 10.281046 | BG29: =AU29/AU$27 -> 8.0285714
B30: 4 | C30: 56 | D30: 12.45 | E30: 65.125 | F30: 23.45 | H30: 16.266667 | I30: 15.533333 | J30: 20.033333 | K30: 12.1 | N30: 4 | O30: =C30*4.53 -> 253.68 | P30: =D30*4.53 -> 56.3985 | Q30: =E30*4.53 -> 295.01625 | R30: =F30*4.53 -> 106.2285 | S30: =G30*4.53 -> 0 | T30: =H30*4.53 -> 73.688 | U30: =I30*4.53 -> 70.366 | V30: =J30*4.53 -> 90.751 | W30: =K30*4.53 -> 54.813 | Z30: 4 | AA30: 253.68 | AB30: 56.3985 | AC30: 295.01625 | AD30: 106.2285 | AE30: 0 | AF30: 73.688 | AG30: 70.366 | AH30: 90.751 | AI30: 54.813 | AL30: 4 | AM30: =SUM(AA27:AA30) -> 487.428 | AN30: =SUM(AB27:AB30) -> 245.073 | AO30: =SUM(AC27:AC30) -> 516.53325 | AP30: =SUM(AD27:AD30) -> 319.818 | AQ30: =SUM(AE27:AE30) -> 0 | AR30: =SUM(AF27:AF30) -> 265.156 | AS30: =SUM(AG27:AG30) -> 256.398 | AT30: =SUM(AH27:AH30) -> 328.274 | AU30: =SUM(AI27:AI30) -> 224.537 | AX30: 4 | AY30: =AM30/$AM$27 -> 10.574939 | AZ30: =AN30/$AN$27 -> 8.3875969 | BA30: =AO30/AO$27 -> 29.050955 | BB30: =AP30/AP$27 -> 17.432099 | BC30: 0 | BD30: =AR30/AR$27 -> 9.2421053 | BE30: =AS30/AS$27 -> 9.3296703 | BF30: =AT30/AT$27 -> 14.20915 | BG30: =AU30/AU$27 -> 10.621429
B31: 5 | C31: 19.025 | D31: 15.8 | E31: 51.45 | F31: 16.85 | H31: 16.566667 | I31: 17.066667 | J31: 28.233333 | K31: 14.966667 | N31: 5 | O31: =C31*4.53 -> 86.18325 | P31: =D31*4.53 -> 71.574 | Q31: =E31*4.53 -> 233.0685 | R31: =F31*4.53 -> 76.3305 | S31: =G31*4.53 -> 0 | T31: =H31*4.53 -> 75.047 | U31: =I31*4.53 -> 77.312 | V31: =J31*4.53 -> 127.897 | W31: =K31*4.53 -> 67.799 | Z31: 5 | AA31: 86.18325 | AB31: 71.574 | AC31: 233.0685 | AD31: 76.3305 | AE31: 0 | AF31: 75.047 | AG31: 77.312 | AH31: 127.897 | AI31: 67.799 | AL31: 5 | AM31: =SUM(AA27:AA31) -> 573.61125 | AN31: =SUM(AB27:AB31) -> 316.647 | AO31: =SUM(AC27:AC31) -> 749.60175 | AP31: =SUM(AD27:AD31) -> 396.1485 | AQ31: =SUM(AE27:AE31) -> 0 | AR31: =SUM(AF27:AF31) -> 340.203 | AS31: =SUM(AG27:AG31) -> 333.71 | AT31: =SUM(AH27:AH31) -> 456.171 | AU31: =SUM(AI27:AI31) -> 292.336 | AX31: 5 | AY31: =AM31/$AM$27 -> 12.444717 | AZ31: =AN31/$AN$27 -> 10.837209 | BA31: =AO31/AO$27 -> 42.159236 | BB31: =AP31/AP$27 -> 21.592593 | BC31: 0 | BD31: =AR31/AR$27 -> 11.857895 | BE31: =AS31/AS$27 -> 12.142857 | BF31: =AT31/AT$27 -> 19.745098 | BG31: =AU31/AU$27 -> 13.828571
B32: 6 | C32: 18 | D32: 15.9 | E32: -32.2 | F32: 116.75 | H32: 17.8 | I32: 17.166667 | J32: 17.266667 | K32: 32 | N32: 6 | O32: =C32*4.53 -> 81.54 | P32: =D32*4.53 -> 72.027 | Q32: =E32*4.53 -> -145.866 | R32: =F32*4.53 -> 528.8775 | S32: =G32*4.53 -> 0 | T32: =H32*4.53 -> 80.634 | U32: =I32*4.53 -> 77.765 | V32: =J32*4.53 -> 78.218 | W32: =K32*4.53 -> 144.96 | Z32: 8 | AA32: 98.64075 | AB32: 98.9805 | AC32: 95.583 | AD32: 91.053 | AE32: 0 | AF32: 122.159 | AG32: 122.914 | AH32: 89.694 | AI32: 108.418 | AL32: 8 | AM32: =SUM(AA27:AA32) -> 672.252 | AN32: =SUM(AB27:AB32) -> 415.6275 | AO32: =SUM(AC27:AC32) -> 845.18475 | AP32: =SUM(AD27:AD32) -> 487.2015 | AQ32: =SUM(AE27:AE32) -> 0 | AR32: =SUM(AF27:AF32) -> 462.362 | AS32: =SUM(AG27:AG32) -> 456.624 | AT32: =SUM(AH27:AH32) -> 545.865 | AU32: =SUM(AI27:AI32) -> 400.754 | AX32: 8 | AY32: =AM32/$AM$27 -> 14.584767 | AZ32: =AN32/$AN$27 -> 14.224806 | BA32: =AO32/AO$27 -> 47.535032 | BB32: =AP32/AP$27 -> 26.555556 | BC32: 0 | BD32: =AR32/AR$27 -> 16.115789 | BE32: =AS32/AS$27 -> 16.615385 | BF32: =AT32/AT$27 -> 23.627451 | BG32: =AU32/AU$27 -> 18.957143
B33: 7 | C33: 16.475 | D33: 17.55 | E33: 36.025 | F33: -86.05 | H33: 18.266667 | I33: 18.666667 | J33: 15.366667 | K33: 21.233333 | N33: 7 | O33: =C33*4.53 -> 74.63175 | P33: =D33*4.53 -> 79.5015 | Q33: =E33*4.53 -> 163.19325 | R33: =F33*4.53 -> -389.8065 | S33: =G33*4.53 -> 0 | T33: =H33*4.53 -> 82.748 | U33: =I33*4.53 -> 84.56 | V33: =J33*4.53 -> 69.611 | W33: =K33*4.53 -> 96.187 | Z33: 10 | AA33: 93.5445 | AB33: 87.2025 | AC33: 86.63625 | AD33: 75.198 | AE33: 0 | AF33: 98.301 | AG33: 109.475 | AH33: 88.033 | AI33: 103.737 | AL33: 10 | AM33: =SUM(AA27:AA33) -> 765.7965 | AN33: =SUM(AB27:AB33) -> 502.83 | AO33: =SUM(AC27:AC33) -> 931.821 | AP33: =SUM(AD27:AD33) -> 562.3995 | AQ33: =SUM(AE27:AE33) -> 0 | AR33: =SUM(AF27:AF33) -> 560.663 | AS33: =SUM(AG27:AG33) -> 566.099 | AT33: =SUM(AH27:AH33) -> 633.898 | AU33: =SUM(AI27:AI33) -> 504.491 | AX33: 10 | AY33: =AM33/$AM$27 -> 16.614251 | AZ33: =AN33/$AN$27 -> 17.209302 | BA33: =AO33/AO$27 -> 52.407643 | BB33: =AP33/AP$27 -> 30.654321 | BC33: 0 | BD33: =AR33/AR$27 -> 19.542105 | BE33: =AS33/AS$27 -> 20.598901 | BF33: =AT33/AT$27 -> 27.437908 | BG33: =AU33/AU$27 -> 23.864286
B34: 8 | C34: 21.775 | D34: 21.85 | E34: 21.1 | F34: 20.1 | H34: 26.966667 | I34: 27.133333 | J34: 19.8 | K34: 23.933333 | N34: 8 | O34: =C34*4.53 -> 98.64075 | P34: =D34*4.53 -> 98.9805 | Q34: =E34*4.53 -> 95.583 | R34: =F34*4.53 -> 91.053 | S34: =G34*4.53 -> 0 | T34: =H34*4.53 -> 122.159 | U34: =I34*4.53 -> 122.914 | V34: =J34*4.53 -> 89.694 | W34: =K34*4.53 -> 108.418 | Z34: 11 | AA34: 62.7405 | AB34: 64.326 | AC34: 43.035 | AD34: 55.9455 | AE34: 52.095 | AF34: 62.514 | AG34: 67.044 | AH34: 54.813 | AI34: 63.118 | AL34: 11 | AM34: =SUM(AA27:AA34) -> 828.537 | AN34: =SUM(AB27:AB34) -> 567.156 | AO34: =SUM(AC27:AC34) -> 974.856 | AP34: =SUM(AD27:AD34) -> 618.345 | AQ34: =SUM(AE27:AE34) -> 52.095 | AR34: =SUM(AF27:AF34) -> 623.177 | AS34: =SUM(AG27:AG34) -> 633.143 | AT34: =SUM(AH27:AH34) -> 688.711 | AU34: =SUM(AI27:AI34) -> 567.609 | AX34: 11 | AY34: =AM34/$AM$27 -> 17.97543 | AZ34: =AN34/$AN$27 -> 19.410853 | BA34: =AO34/AO$27 -> 54.828025 | BB34: =AP34/AP$27 -> 33.703704 | BC34: =AQ34/AQ$34 -> 1 | BD34: =AR34/AR$27 -> 21.721053 | BE34: =AS34/AS$27 -> 23.038462 | BF34: =AT34/AT$27 -> 29.810458 | BG34: =AU34/AU$27 -> 26.85
B35: 9 | C35: 6.65 | D35: 15.05 | E35: -5.15 | F35: 14.35 | H35: -3.9666667 | I35: 16.066667 | J35: -22.533333 | K35: -6.9 | N35: 9 | O35: =C35*4.53 -> 30.1245 | P35: =D35*4.53 -> 68.1765 | Q35: =E35*4.53 -> -23.3295 | R35: =F35*4.53 -> 65.0055 | S35: =G35*4.53 -> 0 | T35: =H35*4.53 -> -17.969 | U35: =I35*4.53 -> 72.782 | V35: =J35*4.53 -> -102.076 | W35: =K35*4.53 -> -31.257 | Z35: 12 | AA35: 91.506 | AB35: 99.66 | AC35: 96.036 | AD35: 79.5015 | AE35: 73.839 | AF35: 96.187 | AG35: 107.1345 | AH35: 86.07 | AI35: 104.794 | AL35: 12 | AM35: =SUM(AA27:AA35) -> 920.043 | AN35: =SUM(AB27:AB35) -> 666.816 | AO35: =SUM(AC27:AC35) -> 1070.892 | AP35: =SUM(AD27:AD35) -> 697.8465 | AQ35: =SUM(AE27:AE35) -> 125.934 | AR35: =SUM(AF27:AF35) -> 719.364 | AS35: =SUM(AG27:AG35) -> 740.2775 | AT35: =SUM(AH27:AH35) -> 774.781 | AU35: =SUM(AI27:AI35) -> 672.403 | AX35: 12 | AY35: =AM35/$AM$27 -> 19.960688 | AZ35: =AN35/$AN$27 -> 22.821705 | BA35: =AO35/AO$27 -> 60.229299 | BB35: =AP35/AP$27 -> 38.037037 | BC35: =AQ35/AQ$34 -> 2.4173913 | BD35: =AR35/AR$27 -> 25.073684 | BE35: =AS35/AS$27 -> 26.936813 | BF35: =AT35/AT$27 -> 33.535948 | BG35: =AU35/AU$27 -> 31.807143
B36: 10 | C36: 20.65 | D36: 19.25 | E36: 19.125 | F36: 16.6 | H36: 21.7 | I36: 24.166667 | J36: 19.433333 | K36: 22.9 | N36: 10 | O36: =C36*4.53 -> 93.5445 | P36: =D36*4.53 -> 87.2025 | Q36: =E36*4.53 -> 86.63625 | R36: =F36*4.53 -> 75.198 | S36: =G36*4.53 -> 0 | T36: =H36*4.53 -> 98.301 | U36: =I36*4.53 -> 109.475 | V36: =J36*4.53 -> 88.033 | W36: =K36*4.53 -> 103.737 | Z36: 13 | AA36: 98.754 | AB36: 88.5615 | AC36: 123.4425 | AD36: 87.6555 | AE36: 119.139 | AF36: 90.6 | AG36: 111.891 | AH36: 80.483 | AI36: 94.677 | AL36: 13 | AM36: =SUM(AA27:AA36) -> 1018.797 | AN36: =SUM(AB27:AB36) -> 755.3775 | AO36: =SUM(AC27:AC36) -> 1194.3345 | AP36: =SUM(AD27:AD36) -> 785.502 | AQ36: =SUM(AE27:AE36) -> 245.073 | AR36: =SUM(AF27:AF36) -> 809.964 | AS36: =SUM(AG27:AG36) -> 852.1685 | AT36: =SUM(AH27:AH36) -> 855.264 | AU36: =SUM(AI27:AI36) -> 767.08 | AX36: 13 | AY36: =AM36/$AM$27 -> 22.103194 | AZ36: =AN36/$AN$27 -> 25.852713 | BA36: =AO36/AO$27 -> 67.171975 | BB36: =AP36/AP$27 -> 42.814815 | BC36: =AQ36/AQ$34 -> 4.7043478 | BD36: =AR36/AR$27 -> 28.231579 | BE36: =AS36/AS$27 -> 31.008242 | BF36: =AT36/AT$27 -> 37.019608 | BG36: =AU36/AU$27 -> 36.285714
B37: 11 | C37: 13.85 | D37: 14.2 | E37: 9.5 | F37: 12.35 | G37: 11.5 | H37: 13.8 | I37: 14.8 | J37: 12.1 | K37: 13.933333 | N37: 11 | O37: =C37*4.53 -> 62.7405 | P37: =D37*4.53 -> 64.326 | Q37: =E37*4.53 -> 43.035 | R37: =F37*4.53 -> 55.9455 | S37: =G37*4.53 -> 52.095 | T37: =H37*4.53 -> 62.514 | U37: =I37*4.53 -> 67.044 | V37: =J37*4.53 -> 54.813 | W37: =K37*4.53 -> 63.118 | Z37: 14 | AA37: 83.5785 | AB37: 75.4245 | AC37: 100.3395 | AD37: 67.044 | AE37: 79.275 | AF37: 86.674 | AG37: 78.822 | AH37: 71.423 | AI37: 73.99 | AL37: 14 | AM37: =SUM(AA27:AA37) -> 1102.3755 | AN37: =SUM(AB27:AB37) -> 830.802 | AO37: =SUM(AC27:AC37) -> 1294.674 | AP37: =SUM(AD27:AD37) -> 852.546 | AQ37: =SUM(AE27:AE37) -> 324.348 | AR37: =SUM(AF27:AF37) -> 896.638 | AS37: =SUM(AG27:AG37) -> 930.9905 | AT37: =SUM(AH27:AH37) -> 926.687 | AU37: =SUM(AI27:AI37) -> 841.07 | AX37: 14 | AY37: =AM37/$AM$27 -> 23.916462 | AZ37: =AN37/$AN$27 -> 28.434109 | BA37: =AO37/AO$27 -> 72.815287 | BB37: =AP37/AP$27 -> 46.469136 | BC37: =AQ37/AQ$34 -> 6.226087 | BD37: =AR37/AR$27 -> 31.252632 | BE37: =AS37/AS$27 -> 33.876374 | BF37: =AT37/AT$27 -> 40.111111 | BG37: =AU37/AU$27 -> 39.785714
B38: 12 | C38: 20.2 | D38: 22 | E38: 21.2 | F38: 17.55 | G38: 16.3 | H38: 21.233333 | I38: 23.65 | J38: 19 | K38: 23.133333 | N38: 12 | O38: =C38*4.53 -> 91.506 | P38: =D38*4.53 -> 99.66 | Q38: =E38*4.53 -> 96.036 | R38: =F38*4.53 -> 79.5015 | S38: =G38*4.53 -> 73.839 | T38: =H38*4.53 -> 96.187 | U38: =I38*4.53 -> 107.1345 | V38: =J38*4.53 -> 86.07 | W38: =K38*4.53 -> 104.794 | Z38: 16 | AA38: 96.82875 | AB38: 89.694 | AC38: 115.7415 | AD38: 86.7495 | AE38: 101.472 | AF38: 88.335 | AG38: 96.942 | AH38: 79.275 | AI38: 76.406 | AL38: 16 | AM38: =SUM(AA27:AA38) -> 1199.2043 | AN38: =SUM(AB27:AB38) -> 920.496 | AO38: =SUM(AC27:AC38) -> 1410.4155 | AP38: =SUM(AD27:AD38) -> 939.2955 | AQ38: =SUM(AE27:AE38) -> 425.82 | AR38: =SUM(AF27:AF38) -> 984.973 | AS38: =SUM(AG27:AG38) -> 1027.9325 | AT38: =SUM(AH27:AH38) -> 1005.962 | AU38: =SUM(AI27:AI38) -> 917.476 | AX38: 16 | AY38: =AM38/$AM$27 -> 26.017199 | AZ38: =AN38/$AN$27 -> 31.503876 | BA38: =AO38/AO$27 -> 79.324841 | BB38: =AP38/AP$27 -> 51.197531 | BC38: =AQ38/AQ$34 -> 8.173913 | BD38: =AR38/AR$27 -> 34.331579 | BE38: =AS38/AS$27 -> 37.403846 | BF38: =AT38/AT$27 -> 43.542484 | BG38: =AU38/AU$27 -> 43.4
B39: 13 | C39: 21.8 | D39: 19.55 | E39: 27.25 | F39: 19.35 | G39: 26.3 | H39: 20 | I39: 24.7 | J39: 17.766667 | K39: 20.9 | N39: 13 | O39: =C39*4.53 -> 98.754 | P39: =D39*4.53 -> 88.5615 | Q39: =E39*4.53 -> 123.4425 | R39: =F39*4.53 -> 87.6555 | S39: =G39*4.53 -> 119.139 | T39: =H39*4.53 -> 90.6 | U39: =I39*4.53 -> 111.891 | V39: =J39*4.53 -> 80.483 | W39: =K39*4.53 -> 94.677 | Z39: 17 | AA39: 90.93975 | AB39: 93.5445 | AC39: 74.745 | AD39: 76.7835 | AE39: 79.275 | AF39: 84.107 | AG39: 98.301 | AH39: 64.779 | AI39: 63.571 | AL39: 17 | AM39: =SUM(AA27:AA39) -> 1290.144 | AN39: =SUM(AB27:AB39) -> 1014.0405 | AO39: =SUM(AC27:AC39) -> 1485.1605 | AP39: =SUM(AD27:AD39) -> 1016.079 | AQ39: =SUM(AE27:AE39) -> 505.095 | AR39: =SUM(AF27:AF39) -> 1069.08 | AS39: =SUM(AG27:AG39) -> 1126.2335 | AT39: =SUM(AH27:AH39) -> 1070.741 | AU39: =SUM(AI27:AI39) -> 981.047 | AX39: 17 | AY39: =AM39/$AM$27 -> 27.990172 | AZ39: =AN39/$AN$27 -> 34.705426 | BA39: =AO39/AO$27 -> 83.528662 | BB39: =AP39/AP$27 -> 55.382716 | BC39: =AQ39/AQ$34 -> 9.6956522 | BD39: =AR39/AR$27 -> 37.263158 | BE39: =AS39/AS$27 -> 40.980769 | BF39: =AT39/AT$27 -> 46.346405 | BG39: =AU39/AU$27 -> 46.407143
B40: 14 | C40: 18.45 | D40: 16.65 | E40: 22.15 | F40: 14.8 | G40: 17.5 | H40: 19.133333 | I40: 17.4 | J40: 15.766667 | K40: 16.333333 | N40: 14 | O40: =C40*4.53 -> 83.5785 | P40: =D40*4.53 -> 75.4245 | Q40: =E40*4.53 -> 100.3395 | R40: =F40*4.53 -> 67.044 | S40: =G40*4.53 -> 79.275 | T40: =H40*4.53 -> 86.674 | U40: =I40*4.53 -> 78.822 | V40: =J40*4.53 -> 71.423 | W40: =K40*4.53 -> 73.99 | Z40: 18 | AA40: 96.489 | AB40: 122.0835 | AC40: 97.1685 | AD40: 84.4845 | AE40: 151.302 | AF40: 100.7925 | AG40: 96.942 | AH40: 84.711 | AI40: 72.48 | AL40: 18 | AM40: =SUM(AA27:AA40) -> 1386.633 | AN40: =SUM(AB27:AB40) -> 1136.124 | AO40: =SUM(AC27:AC40) -> 1582.329 | AP40: =SUM(AD27:AD40) -> 1100.5635 | AQ40: =SUM(AE27:AE40) -> 656.397 | AR40: =SUM(AF27:AF40) -> 1169.8725 | AS40: =SUM(AG27:AG40) -> 1223.1755 | AT40: =SUM(AH27:AH40) -> 1155.452 | AU40: =SUM(AI27:AI40) -> 1053.527 | AX40: 18 | AY40: =AM40/$AM$27 -> 30.083538 | AZ40: =AN40/$AN$27 -> 38.883721 | BA40: =AO40/AO$27 -> 88.993631 | BB40: =AP40/AP$27 -> 59.987654 | BC40: =AQ40/AQ$34 -> 12.6 | BD40: =AR40/AR$27 -> 40.776316 | BE40: =AS40/AS$27 -> 44.508242 | BF40: =AT40/AT$27 -> 50.013072 | BG40: =AU40/AU$27 -> 49.835714
B41: 15 | C41: 19.15 | D41: 20 | E41: 21.2 | F41: 15.6 | G41: 15.9 | H41: 18.3 | I41: 2.25 | J41: 14.433333 | K41: 23.133333 | N41: 15 | O41: =C41*4.53 -> 86.7495 | P41: =D41*4.53 -> 90.6 | Q41: =E41*4.53 -> 96.036 | R41: =F41*4.53 -> 70.668 | S41: =G41*4.53 -> 72.027 | T41: =H41*4.53 -> 82.899 | U41: =I41*4.53 -> 10.1925 | V41: =J41*4.53 -> 65.383 | W41: =K41*4.53 -> 104.794 | Z41: 19 | AA41: 141.487 | AB41: 164.6655 | AC41: 144.2805 | AD41: 117.1005 | AE41: 147.225 | AF41: 144.96 | AG41: 141.336 | AH41: 139.071 | AI41: 93.167 | AL41: 19 | AM41: =SUM(AA27:AA41) -> 1528.12 | AN41: =SUM(AB27:AB41) -> 1300.7895 | AO41: =SUM(AC27:AC41) -> 1726.6095 | AP41: =SUM(AD27:AD41) -> 1217.664 | AQ41: =SUM(AE27:AE41) -> 803.622 | AR41: =SUM(AF27:AF41) -> 1314.8325 | AS41: =SUM(AG27:AG41) -> 1364.5115 | AT41: =SUM(AH27:AH41) -> 1294.523 | AU41: =SUM(AI27:AI41) -> 1146.694 | AX41: 19 | AY41: =AM41/$AM$27 -> 33.153153 | AZ41: =AN41/$AN$27 -> 44.51938 | BA41: =AO41/AO$27 -> 97.10828 | BB41: =AP41/AP$27 -> 66.37037 | BC41: =AQ41/AQ$34 -> 15.426087 | BD41: =AR41/AR$27 -> 45.828947 | BE41: =AS41/AS$27 -> 49.651099 | BF41: =AT41/AT$27 -> 56.03268 | BG41: =AU41/AU$27 -> 54.242857
B42: 16 | C42: 21.375 | D42: 19.8 | E42: 25.55 | F42: 19.15 | G42: 22.4 | H42: 19.5 | I42: 21.4 | J42: 17.5 | K42: 16.866667 | N42: 16 | O42: =C42*4.53 -> 96.82875 | P42: =D42*4.53 -> 89.694 | Q42: =E42*4.53 -> 115.7415 | R42: =F42*4.53 -> 86.7495 | S42: =G42*4.53 -> 101.472 | T42: =H42*4.53 -> 88.335 | U42: =I42*4.53 -> 96.942 | V42: =J42*4.53 -> 79.275 | W42: =K42*4.53 -> 76.406 | Z42: 20 | AA42: 76.708 | AB42: 74.5185 | AC42: 74.292 | AD42: 74.5185 | AE42: 96.942 | AF42: 78.822 | AG42: 74.0655 | AH42: 69.762 | AI42: 63.873 | AL42: 20 | AM42: =SUM(AA27:AA42) -> 1604.828 | AN42: =SUM(AB27:AB42) -> 1375.308 | AO42: =SUM(AC27:AC42) -> 1800.9015 | AP42: =SUM(AD27:AD42) -> 1292.1825 | AQ42: =SUM(AE27:AE42) -> 900.564 | AR42: =SUM(AF27:AF42) -> 1393.6545 | AS42: =SUM(AG27:AG42) -> 1438.577 | AT42: =SUM(AH27:AH42) -> 1364.285 | AU42: =SUM(AI27:AI42) -> 1210.567 | AX42: 20 | AY42: =AM42/$AM$27 -> 34.817363 | AZ42: =AN42/$AN$27 -> 47.069767 | BA42: =AO42/AO$27 -> 101.28662 | BB42: =AP42/AP$27 -> 70.432099 | BC42: =AQ42/AQ$34 -> 17.286957 | BD42: =AR42/AR$27 -> 48.576316 | BE42: =AS42/AS$27 -> 52.346154 | BF42: =AT42/AT$27 -> 59.052288 | BG42: =AU42/AU$27 -> 57.264286
B43: 17 | C43: 20.075 | D43: 20.65 | E43: 16.5 | F43: 16.95 | G43: 17.5 | H43: 18.566667 | I43: 21.7 | J43: 14.3 | K43: 14.033333 | N43: 17 | O43: =C43*4.53 -> 90.93975 | P43: =D43*4.53 -> 93.5445 | Q43: =E43*4.53 -> 74.745 | R43: =F43*4.53 -> 76.7835 | S43: =G43*4.53 -> 79.275 | T43: =H43*4.53 -> 84.107 | U43: =I43*4.53 -> 98.301 | V43: =J43*4.53 -> 64.779 | W43: =K43*4.53 -> 63.571 | Z43: 21 | AA43: 79.426 | AB43: 79.275 | AC43: 80.181 | AD43: 76.557 | AE43: 100.113 | AF43: 84.711 | AG43: 77.2365 | AH43: 68.856 | AI43: 62.212 | AL43: 21 | AM43: =SUM(AA27:AA43) -> 1684.254 | AN43: =SUM(AB27:AB43) -> 1454.583 | AO43: =SUM(AC27:AC43) -> 1881.0825 | AP43: =SUM(AD27:AD43) -> 1368.7395 | AQ43: =SUM(AE27:AE43) -> 1000.677 | AR43: =SUM(AF27:AF43) -> 1478.3655 | AS43: =SUM(AG27:AG43) -> 1515.8135 | AT43: =SUM(AH27:AH43) -> 1433.141 | AU43: =SUM(AI27:AI43) -> 1272.779 | AX43: 21 | AY43: =AM43/$AM$27 -> 36.540541 | AZ43: =AN43/$AN$27 -> 49.782946 | BA43: =AO43/AO$27 -> 105.79618 | BB43: =AP43/AP$27 -> 74.604938 | BC43: =AQ43/AQ$34 -> 19.208696 | BD43: =AR43/AR$27 -> 51.528947 | BE43: =AS43/AS$27 -> 55.156593 | BF43: =AT43/AT$27 -> 62.03268 | BG43: =AU43/AU$27 -> 60.207143
B44: 18 | C44: 21.3 | D44: 26.95 | E44: 21.45 | F44: 18.65 | G44: 33.4 | H44: 22.25 | I44: 21.4 | J44: 18.7 | K44: 16 | N44: 18 | O44: =C44*4.53 -> 96.489 | P44: =D44*4.53 -> 122.0835 | Q44: =E44*4.53 -> 97.1685 | R44: =F44*4.53 -> 84.4845 | S44: =G44*4.53 -> 151.302 | T44: =H44*4.53 -> 100.7925 | U44: =I44*4.53 -> 96.942 | V44: =J44*4.53 -> 84.711 | W44: =K44*4.53 -> 72.48 | Z44: 23 | AA44: 59.192 | AB44: 71.574 | AC44: 96.489 | AD44: 104.643 | AE44: 0 | AF44: 94.4505 | AG44: 81.7665 | AH44: 75.198 | AI44: 78.1425 | AL44: 23 | AM44: =SUM(AA27:AA44) -> 1743.446 | AN44: =SUM(AB27:AB44) -> 1526.157 | AO44: =SUM(AC27:AC44) -> 1977.5715 | AP44: =SUM(AD27:AD44) -> 1473.3825 | AQ44: =SUM(AE27:AE44) -> 1000.677 | AR44: =SUM(AF27:AF44) -> 1572.816 | AS44: =SUM(AG27:AG44) -> 1597.58 | AT44: =SUM(AH27:AH44) -> 1508.339 | AU44: =SUM(AI27:AI44) -> 1350.9215 | AX44: 23 | AY44: =AM44/$AM$27 -> 37.824734 | AZ44: =AN44/$AN$27 -> 52.232558 | BA44: =AO44/AO$27 -> 111.22293 | BB44: =AP44/AP$27 -> 80.308642 | BC44: =AQ44/AQ$34 -> 19.208696 | BD44: =AR44/AR$27 -> 54.821053 | BE44: =AS44/AS$27 -> 58.131868 | BF44: =AT44/AT$27 -> 65.287582 | BG44: =AU44/AU$27 -> 63.903571
B45: 19 | C45: 31.233333 | D45: 36.35 | E45: 31.85 | F45: 25.85 | G45: 32.5 | H45: 32 | I45: 31.2 | J45: 30.7 | K45: 20.566667 | N45: 19 | O45: =C45*4.53 -> 141.487 | P45: =D45*4.53 -> 164.6655 | Q45: =E45*4.53 -> 144.2805 | R45: =F45*4.53 -> 117.1005 | S45: =G45*4.53 -> 147.225 | T45: =H45*4.53 -> 144.96 | U45: =I45*4.53 -> 141.336 | V45: =J45*4.53 -> 139.071 | W45: =K45*4.53 -> 93.167
B46: 20 | C46: 16.933333 | D46: 16.45 | E46: 16.4 | F46: 16.45 | G46: 21.4 | H46: 17.4 | I46: 16.35 | J46: 15.4 | K46: 14.1 | N46: 20 | O46: =C46*4.53 -> 76.708 | P46: =D46*4.53 -> 74.5185 | Q46: =E46*4.53 -> 74.292 | R46: =F46*4.53 -> 74.5185 | S46: =G46*4.53 -> 96.942 | T46: =H46*4.53 -> 78.822 | U46: =I46*4.53 -> 74.0655 | V46: =J46*4.53 -> 69.762 | W46: =K46*4.53 -> 63.873
B47: 21 | C47: 17.533333 | D47: 17.5 | E47: 17.7 | F47: 16.9 | G47: 22.1 | H47: 18.7 | I47: 17.05 | J47: 15.2 | K47: 13.733333 | N47: 21 | O47: =C47*4.53 -> 79.426 | P47: =D47*4.53 -> 79.275 | Q47: =E47*4.53 -> 80.181 | R47: =F47*4.53 -> 76.557 | S47: =G47*4.53 -> 100.113 | T47: =H47*4.53 -> 84.711 | U47: =I47*4.53 -> 77.2365 | V47: =J47*4.53 -> 68.856 | W47: =K47*4.53 -> 62.212 | AK47: AVG cum kcal/mouse/week | AL47: Week | AM47: Apoe TRF | AN47: Apoe ad lib | AO47: Ldlr TRF | AP47: Ldlr ad lib | AR47: relative cum kcal/mouse/week | AS47: Week | AT47: Apoe TRF | AU47: Apoe ad lib | AV47: Ldlr TRF | AW47: Ldlr ad lib
B48: 22 | C48: 24.6 | D48: 52.85 | E48: 39.2 | F48: 53.9 | G48: 71.8 | H48: 44.9 | I48: 59.95 | J48: 93.4 | K48: 30.3 | N48: 22 | O48: =C48*4.53 -> 111.438 | P48: =D48*4.53 -> 239.4105 | Q48: =E48*4.53 -> 177.576 | R48: =F48*4.53 -> 244.167 | S48: =G48*4.53 -> 325.254 | T48: =H48*4.53 -> 203.397 | U48: =I48*4.53 -> 271.5735 | V48: =J48*4.53 -> 423.102 | W48: =K48*4.53 -> 137.259 | AL48: 1 | AM48: =AVERAGE(AM27:AN27) -> 37.655625 | AN48: =AVERAGE(AO27:AP27) -> 18.063375 | AO48: =AVERAGE(AR27:AS27) -> 28.086 | AP48: =AVERAGE(AT27:AU27) -> 22.1215 | AS48: 1 | AT48: =AM48/AM$48 -> 1 | AU48: =AN48/AN$48 -> 1 | AV48: =AO48/AO$48 -> 1 | AW48: =AP48/AP$48 -> 1
B49: 23 | C49: 13.066667 | D49: 15.8 | E49: 21.3 | F49: 23.1 | H49: 20.85 | I49: 18.05 | J49: 16.6 | K49: 17.25 | N49: 23 | O49: =C49*4.53 -> 59.192 | P49: =D49*4.53 -> 71.574 | Q49: =E49*4.53 -> 96.489 | R49: =F49*4.53 -> 104.643 | S49: =G49*4.53 -> 0 | T49: =H49*4.53 -> 94.4505 | U49: =I49*4.53 -> 81.7665 | V49: =J49*4.53 -> 75.198 | W49: =K49*4.53 -> 78.1425 | AL49: 2 | AM49: =AVERAGE(AM28:AN28) -> 101.41537 | AN49: =AVERAGE(AO28:AP28) -> 128.70863 | AO49: =AVERAGE(AR28:AS28) -> 95.885 | AP49: =AVERAGE(AT28:AU28) -> 83.8805 | AS49: 2 | AT49: =AM49/AM$48 -> 2.6932331 | AU49: =AN49/AN$48 -> 7.1253918 | AV49: =AO49/AO$48 -> 3.4139785 | AW49: =AP49/AP$48 -> 3.7918089
AL50: 3 | AM50: =AVERAGE(AM29:AN29) -> 211.21125 | AN50: =AVERAGE(AO29:AP29) -> 217.55325 | AO50: =AVERAGE(AR29:AS29) -> 188.75 | AP50: =AVERAGE(AT29:AU29) -> 203.6235 | AS50: 3 | AT50: =AM50/AM$48 -> 5.6090226 | AU50: =AN50/AN$48 -> 12.043887 | AV50: =AO50/AO$48 -> 6.7204301 | AW50: =AP50/AP$48 -> 9.2047782
AL51: 4 | AM51: =AVERAGE(AM30:AN30) -> 366.2505 | AN51: =AVERAGE(AO30:AP30) -> 418.17563 | AO51: =AVERAGE(AR30:AS30) -> 260.777 | AP51: =AVERAGE(AT30:AU30) -> 276.4055 | AS51: 4 | AT51: =AM51/AM$48 -> 9.7263158 | AU51: =AN51/AN$48 -> 23.15047 | AV51: =AO51/AO$48 -> 9.2849462 | AW51: =AP51/AP$48 -> 12.494881
AL52: 5 | AM52: =AVERAGE(AM31:AN31) -> 445.12913 | AN52: =AVERAGE(AO31:AP31) -> 572.87513 | AO52: =AVERAGE(AR31:AS31) -> 336.9565 | AP52: =AVERAGE(AT31:AU31) -> 374.2535 | AS52: 5 | AT52: =AM52/AM$48 -> 11.821053 | AU52: =AN52/AN$48 -> 31.714734 | AV52: =AO52/AO$48 -> 11.997312 | AW52: =AP52/AP$48 -> 16.918089
AL53: 8 | AM53: =AVERAGE(AM32:AN32) -> 543.93975 | AN53: =AVERAGE(AO32:AP32) -> 666.19313 | AO53: =AVERAGE(AR32:AS32) -> 459.493 | AP53: =AVERAGE(AT32:AU32) -> 473.3095 | AS53: 8 | AT53: =AM53/AM$48 -> 14.445113 | AU53: =AN53/AN$48 -> 36.880878 | AV53: =AO53/AO$48 -> 16.360215 | AW53: =AP53/AP$48 -> 21.395904
AL54: 10 | AM54: =AVERAGE(AM33:AN33) -> 634.31325 | AN54: =AVERAGE(AO33:AP33) -> 747.11025 | AO54: =AVERAGE(AR33:AS33) -> 563.381 | AP54: =AVERAGE(AT33:AU33) -> 569.1945 | AS54: 10 | AT54: =AM54/AM$48 -> 16.845113 | AU54: =AN54/AN$48 -> 41.360502 | AV54: =AO54/AO$48 -> 20.05914 | AW54: =AP54/AP$48 -> 25.730375
AL55: 11 | AM55: =AVERAGE(AM34:AN34) -> 697.8465 | AN55: =AVERAGE(AO34:AP34) -> 796.6005 | AO55: =AVERAGE(AR34:AS34) -> 628.16 | AP55: =AVERAGE(AT34:AU34) -> 628.16 | AS55: 11 | AT55: =AM55/AM$48 -> 18.532331 | AU55: =AN55/AN$48 -> 44.100313 | AV55: =AO55/AO$48 -> 22.365591 | AW55: =AP55/AP$48 -> 28.395904
AL56: 12 | AM56: =AVERAGE(AM35:AN35) -> 793.4295 | AN56: =AVERAGE(AO35:AP35) -> 884.36925 | AO56: =AVERAGE(AR35:AS35) -> 729.82075 | AP56: =AVERAGE(AT35:AU35) -> 723.592 | AS56: 12 | AT56: =AM56/AM$48 -> 21.070677 | AU56: =AN56/AN$48 -> 48.959248 | AV56: =AO56/AO$48 -> 25.985215 | AW56: =AP56/AP$48 -> 32.709898
AL57: 13 | AM57: =AVERAGE(AM36:AN36) -> 887.08725 | AN57: =AVERAGE(AO36:AP36) -> 989.91825 | AO57: =AVERAGE(AR36:AS36) -> 831.06625 | AP57: =AVERAGE(AT36:AU36) -> 811.172 | AS57: 13 | AT57: =AM57/AM$48 -> 23.557895 | AU57: =AN57/AN$48 -> 54.802508 | AV57: =AO57/AO$48 -> 29.590054 | AW57: =AP57/AP$48 -> 36.668942
AL58: 14 | AM58: =AVERAGE(AM37:AN37) -> 966.58875 | AN58: =AVERAGE(AO37:AP37) -> 1073.61 | AO58: =AVERAGE(AR37:AS37) -> 913.81425 | AP58: =AVERAGE(AT37:AU37) -> 883.8785 | AS58: 14 | AT58: =AM58/AM$48 -> 25.669173 | AU58: =AN58/AN$48 -> 59.435737 | AV58: =AO58/AO$48 -> 32.53629 | AW58: =AP58/AP$48 -> 39.955631
AL59: 16 | AM59: =AVERAGE(AM38:AN38) -> 1059.8501 | AN59: =AVERAGE(AO38:AP38) -> 1174.8555 | AO59: =AVERAGE(AR38:AS38) -> 1006.4527 | AP59: =AVERAGE(AT38:AU38) -> 961.719 | AS59: 16 | AT59: =AM59/AM$48 -> 28.145865 | AU59: =AN59/AN$48 -> 65.040752 | AV59: =AO59/AO$48 -> 35.834677 | AW59: =AP59/AP$48 -> 43.474403
AL60: 17 | AM60: =AVERAGE(AM39:AN39) -> 1152.0922 | AN60: =AVERAGE(AO39:AP39) -> 1250.6198 | AO60: =AVERAGE(AR39:AS39) -> 1097.6568 | AP60: =AVERAGE(AT39:AU39) -> 1025.894 | AS60: 17 | AT60: =AM60/AM$48 -> 30.595489 | AU60: =AN60/AN$48 -> 69.23511 | AV60: =AO60/AO$48 -> 39.081989 | AW60: =AP60/AP$48 -> 46.375427
AL61: 18 | AM61: =AVERAGE(AM40:AN40) -> 1261.3785 | AN61: =AVERAGE(AO40:AP40) -> 1341.4463 | AO61: =AVERAGE(AR40:AS40) -> 1196.524 | AP61: =AVERAGE(AT40:AU40) -> 1104.4895 | AS61: 18 | AT61: =AM61/AM$48 -> 33.497744 | AU61: =AN61/AN$48 -> 74.263323 | AV61: =AO61/AO$48 -> 42.602151 | AW61: =AP61/AP$48 -> 49.928328
... AL65: 23 | AM65: =AVERAGE(AM44:AN44) -> 1634.8015 | AN65: =AVERAGE(AO44:AP44) -> 1725.477 | AO65: =AVERAGE(AR44:AS44) -> 1585.198 | AP65: =AVERAGE(AT44:AU44) -> 1429.6302 | AS65: 23 | AT65: =AM65/AM$48 -> 43.414536 | AU65: =AN65/AN$48 -> 95.523511 | AV65: =AO65/AO$48 -> 56.44086 | AW65: =AP65/AP$48 -> 64.62628

Sheet Cumulative Food Intake
A1: Week 1 | B1: AT-pre | C1: AT-post | D1: AT-diff kcal | E1: AT-cum kcal | F1: AA-pre | G1: AA-post | H1: AA-diff kcal | I1: AA-cum kcal | J1: LT-pre | K1: LT-post | L1: LT-diff kcal | M1: LT-cum kcal | N1: LA-pre | O1: LA-post | P1: LA-diff kcal | Q1: LA-cum kcal | R1: 8/17/2018-8/20/2018 | U1: Week | V1: 1 | W1: 2 | X1: 3 | Y1: 4 | Z1: 5 | AA1: 6 | AB1: 7 | AC1: 8 | AD1: 9 | AE1: 10 | AF1: 11 | AG1: 12 | AH1: 13 | AI1: 14 | AJ1: 15 | AK1: 16 | AL1: 17 | AM1: 18 | AN1: 19 | AO1: 20 | AP1: 21 | AQ1: 22 | AR1: 23 | AU1: Week | AV1: 1 | AW1: 2 | AX1: 3 | AY1: 8 | AZ1: 10 | BA1: 11 | BB1: 12 | BC1: 13 | BD1: 14 | BE1: 15 | BF1: 16 | BG1: 17 | BH1: 18 | BI1: 19 | BJ1: 20 | BK1: 21 | BL1: 23
A2: 1 | B2: 353.6 | C2: 312.9 | D2: =((B2-C2)*4.53/4)/3 -> 15.36425 | E2: =D2 -> 15.36425 | F2: 408 | G2: 392.3 | H2: =((F2-G2)*4.53/4)/3 -> 5.92675 | I2: =H2 -> 5.92675 | J2: 409.4 | K2: 390.4 | L2: =((J2-K2)*4.53/4)/3 -> 7.1725 | M2: =L2 -> 7.1725 | N2: 387 | O2: 371.7 | P2: =(N2-O2)*4.53 -> 69.309 | Q2: =P2 -> 69.309 | R2: 3 days | U2: AT Avg | V2: 2.7708333 | W2: 2.0107143 | X2: 2.6930556 | Y2: 4.8892857 | Z2: 2.4875 | AA2: 2.4214286 | AB2: 2.4303571 | AC2: 2.4236111 | AD2: 2.17 | AE2: 2.49375 | AF2: 2.3375 | AG2: 3.0142857 | AH2: 2.9535714 | AI2: 2.5071429 | AJ2: 2.7964286 | AK2: 2.9410714 | AL2: 2.9089286 | AM2: 3.4464286 | AN2: 3.7546296 | AO2: 2.7819444 | AP2: 2.9194444 | AQ2: metabolic cages | AR2: 3.6083333 | AU2: AT Avg | AV2: 2.7708333 | AW2: 2.0107143 | AX2: 2.6930556 | AY2: 2.4236111 | AZ2: 2.49375 | BA2: 2.3375 | BB2: 3.0142857 | BC2: 2.9535714 | BD2: 2.5071429 | BE2: 2.7964286 | BF2: 2.9410714 | BG2: 2.9089286 | BH2: 3.4464286 | BI2: 3.7546296 | BJ2: 2.7819444 | BK2: 2.9194444 | BL2: 3.6083333
A3: 2 | B3: 334.2 | C3: 321.3 | D3: =((B3-C3)*4.53/4)/3 -> 4.86975 | E3: =D3 -> 4.86975 | F3: 388 | G3: 379.9 | H3: =((F3-G3)*4.53/4)/3 -> 3.05775 | I3: =H3 -> 3.05775 | J3: 376.4 | K3: 358.2 | L3: =((J3-K3)*4.53/4)/3 -> 6.8705 | M3: =L3 -> 6.8705 | N3: 363.4 | O3: 349.4 | P3: =(N3-O3)*4.53 -> 63.42 | Q3: =P3 -> 63.42 | U3: AT SEM | V3: 0.62083333 | W3: 0.21071429 | X3: 0.18194444 | Y3: 3.1107143 | Z3: 0.23035714 | AA3: 0.15 | AB3: 0.076785714 | AC3: 0.0041666667 | AD3: 0.84 | AE3: 0.0875 | AF3: 0.029166667 | AG3: 0.12857143 | AH3: 0.16071429 | AI3: 0.12857143 | AJ3: 0.060714286 | AK3: 0.1125 | AL3: 0.041071429 | AM3: 0.40357143 | AN3: 0.28425926 | AO3: 0.040277778 | AP3: 0.0027777778 | AQ3: metabolic cages | AR3: 0.34166667 | AU3: AT SEM | AV3: 0.62083333 | AW3: 0.21071429 | AX3: 0.18194444 | AY3: 0.0041666667 | AZ3: 0.0875 | BA3: 0.029166667 | BB3: 0.12857143 | BC3: 0.16071429 | BD3: 0.12857143 | BE3: 0.060714286 | BF3: 0.1125 | BG3: 0.041071429 | BH3: 0.40357143 | BI3: 0.28425926 | BJ3: 0.040277778 | BK3: 0.0027777778 | BL3: 0.34166667
A4: Avg | E4: =AVERAGE(E2:E3) -> 10.117 | I4: =AVERAGE(I2:I3) -> 4.49225 | M4: =AVERAGE(M2:M3) -> 7.0215 | Q4: =AVERAGE(Q2:Q3) -> 66.3645 | U4: AA Avg | V4: 1.3291667 | W4: 3.4892857 | X4: 2.1791667 | Y4: 6.3267857 | Z4: 4.8785714 | AA4: 6.0392857 | AB4: -3.5732143 | AC4: 2.2888889 | AD4: 0.92 | AE4: 2.2328125 | AF4: 2.0861111 | AG4: 2.6214286 | AH4: 3.4714286 | AI4: 2.5928571 | AJ4: 2.5095238 | AK4: 3.1952381 | AL4: 2.4261905 | AM4: 3.5 | AN4: 3.3407407 | AO4: 3.0138889 | AP4: 3.15 | AQ4: metabolic cages | AR4: 4.44 | AU4: AA Avg | AV4: 1.3291667 | AW4: 3.4892857 | AX4: 2.1791667 | AY4: 2.2888889 | AZ4: 2.2328125 | BA4: 2.0861111 | BB4: 2.6214286 | BC4: 3.4714286 | BD4: 2.5928571 | BE4: 2.5095238 | BF4: 3.1952381 | BG4: 2.4261905 | BH4: 3.5 | BI4: 3.3407407 | BJ4: 3.0138889 | BK4: 3.15 | BL4: 4.44
A5: Stdev | E5: =STDEV(E2:E3) -> 7.4207321 | I5: =STDEV(I2:I3) -> 2.0286894 | M5: =STDEV(M2:M3) -> 0.21354625 | Q5: =STDEV(Q2:Q3) -> 4.1641518 | U5: AA SEM | V5: 0.020833333 | W5: 0.91785714 | X5: 0.60972222 | Y5: 2.9767857 | Z5: 2.4714286 | AA5: 10.639286 | AB5: 8.7196429 | AC5: 0.055555556 | AD5: 1.95 | AE5: 0.1578125 | AF5: 0.11630234 | AG5: 0.20999676 | AH5: 0.35573532 | AI5: 0.30664411 | AJ5: 0.25981853 | AK5: 0.26394229 | AL5: 0.04130798 | AM5: 0.64611608 | AN5: 0.23518519 | AO5: 0.27639936 | AP5: 0.26943013 | AQ5: metabolic cages | AR5: 0.18 | AU5: AA SEM | AV5: 0.020833333 | AW5: 0.91785714 | AX5: 0.60972222 | AY5: 0.055555556 | AZ5: 0.1578125 | BA5: 0.11630234 | BB5: 0.20999676 | BC5: 0.35573532 | BD5: 0.30664411 | BE5: 0.25981853 | BF5: 0.26394229 | BG5: 0.04130798 | BH5: 0.64611608 | BI5: 0.23518519 | BJ5: 0.27639936 | BK5: 0.26943013 | BL5: 0.18
A6: SEM | E6: =E5/(SQRT(2)) -> 5.24725 | I6: =I5/(SQRT(2)) -> 1.4345 | M6: =M5/(SQRT(2)) -> 0.151 | Q6: =Q5/(SQRT(2)) -> 2.9445 | U6: LT Avg | V6: 2.0666667 | W6: 4.9888889 | X6: 2.2777778 | Y6: 2.2714286 | Z6: 2.402381 | AA6: 2.497619 | AB6: 2.6380952 | AC6: 3.0055556 | AD6: 1.21 | AE6: 2.8666667 | AF6: 2.3833333 | AG6: 3.2059524 | AH6: 3.1928571 | AI6: 2.6095238 | AJ6: 1.4678571 | AK6: 2.9214286 | AL6: 2.8761905 | AM6: 3.1178571 | AN6: 3.5111111 | AO6: 2.8125 | AP6: 2.9791667 | AQ6: metabolic cages | AR6: 3.89 | AU6: LT Avg | AV6: 2.0666667 | AW6: 4.9888889 | AX6: 2.2777778 | AY6: 3.0055556 | AZ6: 2.8666667 | BA6: 2.3833333 | BB6: 3.2059524 | BC6: 3.1928571 | BD6: 2.6095238 | BE6: 1.4678571 | BF6: 2.9214286 | BG6: 2.8761905 | BH6: 3.1178571 | BI6: 3.5111111 | BJ6: 2.8125 | BK6: 2.9791667 | BL6: 3.89
U7: LT SEM | V7: 0.044444444 | W7: 0.48888889 | X7: 0.21481481 | Y7: 0.052380952 | Z7: 0.035714286 | AA7: 0.045238095 | AB7: 0.028571429 | AC7: 0.0092592593 | AD7: 2.0033333 | AE7: 0.15416667 | AF7: 0.083333333 | AG7: 0.17261905 | AH7: 0.33571429 | AI7: 0.12380952 | AJ7: 1.1464286 | AK7: 0.13571429 | AL7: 0.22380952 | AM7: 0.060714286 | AN7: 0.044444444 | AO7: 0.0875 | AP7: 0.1375 | AQ7: metabolic cages | AR7: 0.28 | AU7: LT SEM | AV7: 0.044444444 | AW7: 0.48888889 | AX7: 0.21481481 | AY7: 0.0092592593 | AZ7: 0.15416667 | BA7: 0.083333333 | BB7: 0.17261905 | BC7: 0.33571429 | BD7: 0.12380952 | BE7: 1.1464286 | BF7: 0.13571429 | BG7: 0.22380952 | BH7: 0.060714286 | BI7: 0.044444444 | BJ7: 0.0875 | BK7: 0.1375 | BL7: 0.28
A8: Week 2 | B8: AT-pre | C8: AT-post | D8: AT-diff kcal | E8: AT-cum kcal | F8: AA-pre | G8: AA-post | H8: AA-diff kcal | I8: AA-cum kcal | J8: LT-pre | K8: LT-post | L8: LT-diff kcal | M8: LT-cum kcal | N8: LA-pre | O8: LA-post | P8: LA-diff kcal | Q8: LA-cum kcal | R8: 8/20/2018-8/27/2018 | U8: LA Avg | V8: 1.6277778 | W8: 4.5444444 | X8: 2.937037 | Y8: 2.2952381 | Z8: 3.0857143 | AA8: 3.5190476 | AB8: 2.6142857 | AC8: 2.4296296 | AD8: -2.9433333 | AE8: 2.6458333 | AF8: 2.1694444 | AG8: 3.0095238 | AH8: 2.7619048 | AI8: 2.2928571 | AJ8: 2.6833333 | AK8: 2.4547619 | AL8: 2.0238095 | AM8: 2.4785714 | AN8: 2.8481481 | AO8: 2.4583333 | AP8: 2.4111111 | AQ8: metabolic cages | AR8: 3.81625 | AU8: LA Avg | AV8: 1.6277778 | AW8: 4.5444444 | AX8: 2.937037 | AY8: 2.4296296 | AZ8: 2.6458333 | BA8: 2.1694444 | BB8: 3.0095238 | BC8: 2.7619048 | BD8: 2.2928571 | BE8: 2.6833333 | BF8: 2.4547619 | BG8: 2.0238095 | BH8: 2.4785714 | BI8: 2.8481481 | BJ8: 2.4583333 | BK8: 2.4111111 | BL8: 3.81625
A9: 1 | B9: 312.9 | C9: 250.7 | D9: =(B9-C9)*4.53 -> 281.766 | E9: =D9+E2 -> 297.13025 | F9: 392.3 | G9: 268.9 | H9: =(F9-G9)*4.53 -> 559.002 | I9: =H9+I2 -> 564.92875 | J9: 390.4 | K9: 349.9 | L9: =(J9-K9)*4.53 -> 183.465 | M9: =L9+M2 -> 190.6375 | N9: 371.7 | O9: 324.2 | P9: =(N9-O9)*4.53 -> 215.175 | Q9: =P9+Q2 -> 284.484 | R9: 7 days | U9: LA SEM | V9: 0.072222222 | W9: 0.73333333 | X9: 0.56296296 | Y9: 0.56666667 | Z9: 0.94761905 | AA9: 1.052381 | AB9: 0.41904762 | AC9: 0.22962963 | AD9: 1.5633333 | AE9: 0.21666667 | AF9: 0.15277778 | AG9: 0.2952381 | AH9: 0.22380952 | AI9: 0.04047619 | AJ9: 0.62142857 | AK9: 0.045238095 | AL9: 0.019047619 | AM9: 0.19285714 | AN9: 0.56296296 | AO9: 0.10833333 | AP9: 0.12222222 | AQ9: metabolic cages | AR9: 0.49625 | AU9: LA SEM | AV9: 0.072222222 | AW9: 0.73333333 | AX9: 0.56296296 | AY9: 0.22962963 | AZ9: 0.21666667 | BA9: 0.15277778 | BB9: 0.2952381 | BC9: 0.22380952 | BD9: 0.04047619 | BE9: 0.62142857 | BF9: 0.045238095 | BG9: 0.019047619 | BH9: 0.19285714 | BI9: 0.56296296 | BJ9: 0.10833333 | BK9: 0.12222222 | BL9: 0.49625
A10: 2 | B10: 321.3 | C10: 296.1 | D10: =(B10-C10)*4.53 -> 114.156 | E10: =D10+E3 -> 119.02575 | F10: 379.9 | G10: 343.9 | H10: =(F10-G10)*4.53 -> 163.08 | I10: =H10+I3 -> 166.13775 | J10: 358.2 | K10: 308.9 | L10: =(J10-K10)*4.53 -> 223.329 | M10: =L10+M3 -> 230.1995 | N10: 349.4 | O10: 315.1 | P10: =(N10-O10)*4.53 -> 155.379 | Q10: =P10+Q3 -> 218.799
A11: Avg | E11: =AVERAGE(E9:E10) -> 208.078 | I11: =AVERAGE(I9:I10) -> 365.53325 | M11: =AVERAGE(M9:M10) -> 210.4185 | Q11: =AVERAGE(Q9:Q10) -> 251.6415
A12: Stdev | E12: =STDEV(E9:E10) -> 125.9389 | I12: =STDEV(I9:I10) -> 281.98782 | M12: =STDEV(M9:M10) -> 27.974558 | Q12: =STDEV(Q9:Q10) -> 46.446309
A13: SEM | E13: =E12/(SQRT(2)) -> 89.05225 | I13: =I12/(SQRT(2)) -> 199.3955 | M13: =M12/(SQRT(2)) -> 19.781 | Q13: =Q12/(SQRT(2)) -> 32.8425
A15: Week 3 | B15: AT-pre | C15: AT-post | D15: AT-diff kcal | E15: AT-cum kcal | F15: AA-pre | G15: AA-post | H15: AA-diff kcal | I15: AA-cum kcal | J15: LT-pre | K15: LT-post | L15: LT-diff kcal | M15: LT-cum kcal | N15: LA-pre | O15: LA-post | P15: LA-diff kcal | Q15: LA-cum kcal | R15: 8/27/2018-9/5/2018
A16: 1 | B16: 562 | C16: 458.5 | D16: =(B16-C16)*4.53 -> 468.855 | E16: =D16+E9 -> 765.98525 | F16: 504.5 | G16: 448 | H16: =(F16-G16)*4.53 -> 255.945 | J16: 515.3 | K16: 448 | L16: =(J16-K16)*4.53 -> 304.869 | N16: 539.8 | O16: 445.3 | P16: =(N16-O16)*4.53 -> 428.085 | R16: 9 days
A17: 2 | B17: 520.6 | C17: 475.4 | D17: =(B17-C17)*4.53 -> 204.756 | E17: =D17+E10 -> 323.78175 | F17: 556.9 | G17: 506.7 | H17: =(F17-G17)*4.53 -> 227.406 | J17: 562.4 | K17: 506.7 | L17: =(J17-K17)*4.53 -> 252.321 | N17: 522.8 | O17: 458.7 | P17: =(N17-O17)*4.53 -> 290.373
A18: Avg | X18: kcal/mouse/day
A19: Stdev
A20: SEM
A22: Week 4 | B22: AT-pre | C22: AT-post | D22: AT-diff kcal | E22: AT-cum kcal | F22: AA-pre | G22: AA-post | H22: AA-diff kcal | I22: AA-cum kcal | J22: LT-pre | K22: LT-post | L22: LT-diff kcal | M22: LT-cum kcal | N22: LA-pre | O22: LA-post | P22: LA-diff kcal | Q22: LA-cum kcal | R22: 9/5/2018-9/12/2018
A23: 1 | B23: 458.5 | C23: 234.5 | D23: =((B23-C23)/4)/7 -> 8 | F23: 448 | G23: 187.5 | H23: =((F23-G23)/4)/7 -> 9.3035714 | J23: 448 | K23: 399.2 | L23: =((J23-K23)/3)/7 -> 2.3238095 | N23: 445.3 | O23: 385.2 | P23: =((N23-O23)/3)/7 -> 2.8619048 | R23: 7 days
A24: 2 | B24: 475.4 | C24: 450.5 | D24: =((B24-C24)/2)/7 -> 1.7785714 | F24: 506.7 | G24: 459.8 | H24: =((F24-G24)/2)/7 -> 3.35 | J24: 506.7 | K24: 460.1 | L24: =((J24-K24)/3)/7 -> 2.2190476 | N24: 458.7 | O24: 422.4 | P24: =((N24-O24)/3)/7 -> 1.7285714 | R24: AT and AA post food weights?? (so much consumed, is that realistic?)
A25: Avg | D25: =AVERAGE(D23:D24) -> 4.8892857 | H25: =AVERAGE(H23:H24) -> 6.3267857 | L25: =AVERAGE(L23:L24) -> 2.2714286 | P25: =AVERAGE(P23:P24) -> 2.2952381 | R25: was food dumped out and replaced without a comment? May need to throw out this timepoint
A26: Stdev | D26: =STDEV(D23:D24) -> 4.3992143 | H26: =STDEV(H23:H24) -> 4.2098107 | L26: =STDEV(L23:L24) -> 0.074077853 | P26: =STDEV(P23:P24) -> 0.80138769
A27: SEM | D27: =D26/(SQRT(2)) -> 3.1107143 | H27: =H26/(SQRT(2)) -> 2.9767857 | L27: =L26/(SQRT(2)) -> 0.052380952 | P27: =P26/(SQRT(2)) -> 0.56666667
A29: Week 5 | B29: AT-pre | C29: AT-post | D29: AT-diff kcal | E29: AT-cum kcal | F29: AA-pre | G29: AA-post | H29: AA-diff kcal | I29: AA-cum kcal | J29: LT-pre | K29: LT-post | L29: LT-diff kcal | M29: LT-cum kcal | N29: LA-pre | O29: LA-post | P29: LA-diff kcal | Q29: LA-cum kcal | R29: 9/12/2018-9/19/2018
A30: 1 | B30: 484 | C30: 407.9 | D30: =((B30-C30)/4)/7 -> 2.7178571 | F30: 448.7 | G30: 242.9 | H30: =((F30-G30)/4)/7 -> 7.35 | J30: 399.2 | K30: 349.5 | L30: =((J30-K30)/3)/7 -> 2.3666667 | N30: 385.2 | O30: 300.5 | P30: =((N30-O30)/3)/7 -> 4.0333333 | R30: 7 days
A31: 2 | B31: 450.5 | C31: 418.9 | D31: =((B31-C31)/2)/7 -> 2.2571429 | F31: 459.8 | G31: 426.1 | H31: =((F31-G31)/2)/7 -> 2.4071429 | J31: 460.1 | K31: 408.9 | L31: =((J31-K31)/3)/7 -> 2.4380952 | N31: 422.4 | O31: 377.5 | P31: =((N31-O31)/3)/7 -> 2.1380952 | R31: AA post food weights?? (so much consumed, is that realistic?)
A32: Avg | D32: =AVERAGE(D30:D31) -> 2.4875 | H32: =AVERAGE(H30:H31) -> 4.8785714 | L32: =AVERAGE(L30:L31) -> 2.402381 | P32: =AVERAGE(P30:P31) -> 3.0857143 | R32: was food dumped out and replaced without a comment? May need to throw out this timepoint
A33: Stdev | D33: =STDEV(D30:D31) -> 0.3257742 | H33: =STDEV(H30:H31) -> 3.4951278 | L33: =STDEV(L30:L31) -> 0.050507627 | P33: =STDEV(P30:P31) -> 1.3401357
A34: SEM | D34: =D33/(SQRT(2)) -> 0.23035714 | H34: =H33/(SQRT(2)) -> 2.4714286 | L34: =L33/(SQRT(2)) -> 0.035714286 | P34: =P33/(SQRT(2)) -> 0.94761905
A36: Week 6 | B36: AT-pre | C36: AT-post | D36: AT-diff kcal | E36: AT-cum kcal | F36: AA-pre | G36: AA-post | H36: AA-diff kcal | I36: AA-cum kcal | J36: LT-pre | K36: LT-post | L36: LT-diff kcal | M36: LT-cum kcal | N36: LA-pre | O36: LA-post | P36: LA-diff kcal | Q36: LA-cum kcal | R36: 9/19/2018-9/26/2018
A37: 1 | B37: 407.9 | C37: 335.9 | D37: =((B37-C37)/4)/7 -> 2.5714286 | F37: 242.9 | G37: 371.7 | H37: =((F37-G37)/4)/7 -> -4.6 | J37: 349.5 | K37: 296.1 | L37: =((J37-K37)/3)/7 -> 2.5428571 | N37: 300.5 | O37: 248.7 | P37: =((N37-O37)/3)/7 -> 2.4666667 | R37: 7 days
A38: 2 | B38: 418.9 | C38: 387.1 | D38: =((B38-C38)/2)/7 -> 2.2714286 | F38: 426.1 | G38: 192.6 | H38: =((F38-G38)/2)/7 -> 16.678571 | J38: 408.9 | K38: 357.4 | L38: =((J38-K38)/3)/7 -> 2.452381 | N38: 377.5 | O38: 281.5 | P38: =((N38-O38)/3)/7 -> 4.5714286 | R38: AA post food weights?? (so much consumed, is that realistic?)
A39: Avg | D39: =AVERAGE(D37:D38) -> 2.4214286 | H39: =AVERAGE(H37:H38) -> 6.0392857 | L39: =AVERAGE(L37:L38) -> 2.497619 | P39: =AVERAGE(P37:P38) -> 3.5190476 | R39: was food dumped out and replaced without a comment? May need to throw out this timepoint
A40: Stdev | D40: =STDEV(D37:D38) -> 0.21213203 | H40: =STDEV(H37:H38) -> 15.046222 | L40: =STDEV(L37:L38) -> 0.063976328 | P40: =STDEV(P37:P38) -> 1.4882914 | R40: have to throw out this timepoint--AA had food added
A41: SEM | D41: =D40/(SQRT(2)) -> 0.15 | H41: =H40/(SQRT(2)) -> 10.639286 | L41: =L40/(SQRT(2)) -> 0.045238095 | P41: =P40/(SQRT(2)) -> 1.052381
A43: Week 7 | B43: AT-pre | C43: AT-post | D43: AT-diff kcal | E43: AT-cum kcal | F43: AA-pre | G43: AA-post | H43: AA-diff kcal | I43: AA-cum kcal | J43: LT-pre | K43: LT-post | L43: LT-diff kcal | M43: LT-cum kcal | N43: LA-pre | O43: LA-post | P43: LA-diff kcal | Q43: LA-cum kcal | R43: 9/26/2018-10/3/2018
A44: 1 | B44: 335.9 | C44: 270 | D44: =((B44-C44)/4)/7 -> 2.3535714 | F44: 371.7 | G44: 227.6 | H44: =((F44-G44)/4)/7 -> 5.1464286 | J44: 296.1 | K44: 241.3 | L44: =((J44-K44)/3)/7 -> 2.6095238 | N44: 248.7 | O44: 202.6 | P44: =((N44-O44)/3)/7 -> 2.1952381 | R44: 7 days
A45: 2 | B45: 387.1 | C45: 352 | D45: =((B45-C45)/2)/7 -> 2.5071429 | F45: 192.6 | G45: 364.7 | H45: =((F45-G45)/2)/7 -> -12.292857 | J45: 357.4 | K45: 301.4 | L45: =((J45-K45)/3)/7 -> 2.6666667 | N45: 281.5 | O45: 217.8 | P45: =((N45-O45)/3)/7 -> 3.0333333 | R45: AA post food weights?
A46: Avg | D46: =AVERAGE(D44:D45) -> 2.4303571 | H46: =AVERAGE(H44:H45) -> -3.5732143 | L46: =AVERAGE(L44:L45) -> 2.6380952 | P46: =AVERAGE(P44:P45) -> 2.6142857 | R46: have to throw out this timepoint--AA had food added
A47: Stdev | D47: =STDEV(D44:D45) -> 0.1085914 | H47: =STDEV(H44:H45) -> 12.331437 | L47: =STDEV(L44:L45) -> 0.040406102 | P47: =STDEV(P44:P45) -> 0.59262283
A48: SEM | D48: =D47/(SQRT(2)) -> 0.076785714 | H48: =H47/(SQRT(2)) -> 8.7196429 | L48: =L47/(SQRT(2)) -> 0.028571429 | P48: =P47/(SQRT(2)) -> 0.41904762
A50: Week 8 | B50: AT-pre | C50: AT-post | D50: AT-diff kcal | E50: AT-cum kcal | F50: AA-pre | G50: AA-post | H50: AA-diff kcal | I50: AA-cum kcal | J50: LT-pre | K50: LT-post | L50: LT-diff kcal | M50: LT-cum kcal | N50: LA-pre | O50: LA-post | P50: LA-diff kcal | Q50: LA-cum kcal | R50: 10/3/2018-10/12/2018
A51: 1 | B51: 270 | C51: 182.9 | D51: =((B51-C51)/4)/9 -> 2.4194444 | F51: 227.6 | G51: 143.2 | H51: =((F51-G51)/4)/9 -> 2.3444444 | J51: 241.3 | K51: 160.4 | L51: =((J51-K51)/3)/9 -> 2.9962963 | N51: 202.6 | O51: 143.2 | P51: =((N51-O51)/3)/9 -> 2.2 | R51: 9 days
A52: 2 | B52: 352 | C52: 308.3 | D52: =((B52-C52)/2)/9 -> 2.4277778 | F52: 364.7 | G52: 324.5 | H52: =((F52-G52)/2)/9 -> 2.2333333 | J52: 301.4 | K52: 220 | L52: =((J52-K52)/3)/9 -> 3.0148148 | N52: 217.8 | O52: 146 | P52: =((N52-O52)/3)/9 -> 2.6592593
A53: Avg | D53: =AVERAGE(D51:D52) -> 2.4236111 | H53: =AVERAGE(H51:H52) -> 2.2888889 | L53: =AVERAGE(L51:L52) -> 3.0055556 | P53: =AVERAGE(P51:P52) -> 2.4296296
A54: Stdev | D54: =STDEV(D51:D52) -> 0.0058925565 | H54: =STDEV(H51:H52) -> 0.07856742 | L54: =STDEV(L51:L52) -> 0.01309457 | P54: =STDEV(P51:P52) -> 0.32474534
A55: SEM | D55: =D54/(SQRT(2)) -> 0.0041666667 | H55: =H54/(SQRT(2)) -> 0.055555556 | L55: =L54/(SQRT(2)) -> 0.0092592593 | P55: =P54/(SQRT(2)) -> 0.22962963
A57: Week 9 | B57: AT-pre | C57: AT-post | D57: AT-diff kcal | E57: AT-cum kcal | F57: AA-pre | G57: AA-post | H57: AA-diff kcal | I57: AA-cum kcal | J57: LT-pre | K57: LT-post | L57: LT-diff kcal | M57: LT-cum kcal | N57: LA-pre | O57: LA-post | P57: LA-diff kcal | Q57: LA-cum kcal | R57: 10/12/2018-10/17/2018
A58: 1 | B58: 182.9 | C58: 156.3 | D58: =((B58-C58)/4)/5 -> 1.33 | F58: 143.2 | G58: 163.8 | H58: =((F58-G58)/4)/5 -> -1.03 | J58: 160.4 | K58: 172.3 | L58: =((J58-K58)/3)/5 -> -0.79333333 | N58: 143.2 | O58: 210.8 | P58: =((N58-O58)/3)/5 -> -4.5066667 | R58: 5 days
A59: 2 | B59: 308.3 | C59: 278.2 | D59: =((B59-C59)/2)/5 -> 3.01 | F59: 324.5 | G59: 295.8 | H59: =((F59-G59)/2)/5 -> 2.87 | J59: 220 | K59: 171.8 | L59: =((J59-K59)/3)/5 -> 3.2133333 | N59: 146 | O59: 166.7 | P59: =((N59-O59)/3)/5 -> -1.38 | R59: AA, LT, LA post food weights?
A60: Avg | D60: =AVERAGE(D58:D59) -> 2.17 | H60: =AVERAGE(H58:H59) -> 0.92 | L60: =AVERAGE(L58:L59) -> 1.21 | P60: =AVERAGE(P58:P59) -> -2.9433333 | R60: have to throw out this timepoint-LT and LA had food added
A61: Stdev | D61: =STDEV(D58:D59) -> 1.1879394 | H61: =STDEV(H58:H59) -> 2.7577164 | L61: =STDEV(L58:L59) -> 2.8331412 | P61: =STDEV(P58:P59) -> 2.2108872
A62: SEM | D62: =D61/(SQRT(2)) -> 0.84 | H62: =H61/(SQRT(2)) -> 1.95 | L62: =L61/(SQRT(2)) -> 2.0033333 | P62: =P61/(SQRT(2)) -> 1.5633333
A64: Week 10 | B64: AT-pre | C64: AT-post | D64: AT-diff kcal | E64: AT-cum kcal | F64: AA-pre | G64: AA-post | H64: AA-diff kcal | I64: AA-cum kcal | J64: LT-pre | K64: LT-post | L64: LT-diff kcal | M64: LT-cum kcal | N64: LA-pre | O64: LA-post | P64: LA-diff kcal | Q64: LA-cum kcal | R64: 10/17/2018-10/25/2018
A65: 1 | B65: 156.3 | C65: 73.7 | D65: =((B65-C65)/4)/8 -> 2.58125 | F65: 163.8 | G65: 87.3 | H65: =((F65-G65)/4)/8 -> 2.390625 | J65: 172.3 | K65: 107.2 | L65: =((J65-K65)/3)/8 -> 2.7125 | N65: 210.8 | O65: 152.5 | P65: =((N65-O65)/3)/8 -> 2.4291667 | R65: 8 days
A66: 2 | B66: 278.2 | C66: 239.7 | D66: =((B66-C66)/2)/8 -> 2.40625 | F66: 295.8 | G66: 262.6 | H66: =((F66-G66)/2)/8 -> 2.075 | J66: 171.8 | K66: 99.3 | L66: =((J66-K66)/3)/8 -> 3.0208333 | N66: 166.7 | O66: 98 | P66: =((N66-O66)/3)/8 -> 2.8625
A67: Avg | D67: =AVERAGE(D65:D66) -> 2.49375 | H67: =AVERAGE(H65:H66) -> 2.2328125 | L67: =AVERAGE(L65:L66) -> 2.8666667 | P67: =AVERAGE(P65:P66) -> 2.6458333
A68: Stdev | D68: =STDEV(D65:D66) -> 0.12374369 | H68: =STDEV(H65:H66) -> 0.22318058 | L68: =STDEV(L65:L66) -> 0.21802459 | P68: =STDEV(P65:P66) -> 0.30641294
A69: SEM | D69: =D68/(SQRT(2)) -> 0.0875 | H69: =H68/(SQRT(2)) -> 0.1578125 | L69: =L68/(SQRT(2)) -> 0.15416667 | P69: =P68/(SQRT(2)) -> 0.21666667
A71: Week 11 | B71: AT-pre | C71: AT-post | D71: AT-diff kcal | E71: AT-cum kcal | F71: AA-pre | G71: AA-post | H71: AA-diff kcal | I71: AA-cum kcal | J71: LT-pre | K71: LT-post | L71: LT-diff kcal | M71: LT-cum kcal | N71: LA-pre | O71: LA-post | P71: LA-diff kcal | Q71: LA-cum kcal | R71: 10/25/2018-10/31/2018
A72: 1 | B72: 220.6 | C72: 165.2 | D72: =((B72-C72)/4)/6 -> 2.3083333 | F72: 158.5 | G72: 139.5 | H72: =((F72-G72)/2)/5 -> 1.9 | J72: 231.5 | K72: 190.1 | L72: =((J72-K72)/3)/6 -> 2.3 | N72: 310.5 | O72: 274.2 | P72: =((N72-O72)/3)/6 -> 2.0166667 | R72: 6 days
A73: 2 | B73: 239.7 | C73: 211.3 | D73: =((B73-C73)/2)/6 -> 2.3666667 | F73: 262.6 | G73: 237.9 | H73: =((F73-G73)/2)/6 -> 2.0583333 | J73: 292.5 | K73: 248.1 | L73: =((J73-K73)/3)/6 -> 2.4666667 | N73: 252.5 | O73: 210.7 | P73: =((N73-O73)/3)/6 -> 2.3222222 | R73: 125 split into cages 125A and 125B
A74: 3 | F74: 104.3 | G74: 81.3 | H74: =((F74-G74)/2)/5 -> 2.3
A75: Avg | D75: =AVERAGE(D72:D73) -> 2.3375 | H75: =AVERAGE(H72:H74) -> 2.0861111 | L75: =AVERAGE(L72:L73) -> 2.3833333 | P75: =AVERAGE(P72:P73) -> 2.1694444
A76: Stdev | D76: =STDEV(D72:D73) -> 0.041247896 | H76: =STDEV(H72:H74) -> 0.20144156 | L76: =STDEV(L72:L73) -> 0.11785113 | P76: =STDEV(P72:P73) -> 0.21606041
A77: SEM | D77: =D76/(SQRT(2)) -> 0.029166667 | H77: =H76/(SQRT(3)) -> 0.11630234 | L77: =L76/(SQRT(2)) -> 0.083333333 | P77: =P76/(SQRT(2)) -> 0.15277778
A79: Week 12 | B79: AT-pre | C79: AT-post | D79: AT-diff kcal | E79: AT-cum kcal | F79: AA-pre | G79: AA-post | H79: AA-diff kcal | I79: AA-cum kcal | J79: LT-pre | K79: LT-post | L79: LT-diff kcal | M79: LT-cum kcal | N79: LA-pre | O79: LA-post | P79: LA-diff kcal | Q79: LA-cum kcal | R79: 10/31/2018-11/07/2018
A80: 1 | B80: 165.2 | C80: 84.4 | D80: =((B80-C80)/4)/7 -> 2.8857143 | F80: 139.5 | G80: 97.1 | H80: =((F80-G80)/2)/7 -> 3.0285714 | J80: 190.1 | K80: 126.4 | L80: =((J80-K80)/3)/7 -> 3.0333333 | N80: 274.2 | O80: 217.2 | P80: =((N80-O80)/3)/7 -> 2.7142857 | R80: 7 days
A81: 2 | B81: 211.3 | C81: 167.3 | D81: =((B81-C81)/2)/7 -> 3.1428571 | F81: 237.9 | G81: 202.8 | H81: =((F81-G81)/2)/7 -> 2.5071429 | J81: 248.1 | K81: 200.8 | L81: =((J81-K81)/2)/7 -> 3.3785714 | N81: 210.7 | O81: 141.3 | P81: =((N81-O81)/3)/7 -> 3.3047619
A82: 3 | F82: 81.3 | G82: 48.7 | H82: =((F82-G82)/2)/7 -> 2.3285714
A83: Avg | D83: =AVERAGE(D80:D81) -> 3.0142857 | H83: =AVERAGE(H80:H82) -> 2.6214286 | L83: =AVERAGE(L80:L81) -> 3.2059524 | P83: =AVERAGE(P80:P81) -> 3.0095238
A84: Stdev | D84: =STDEV(D80:D81) -> 0.18182746 | H84: =STDEV(H80:H82) -> 0.36372506 | L84: =STDEV(L80:L81) -> 0.2441202 | P84: =STDEV(P80:P81) -> 0.41752972
A85: SEM | D85: =D84/(SQRT(2)) -> 0.12857143 | H85: =H84/(SQRT(3)) -> 0.20999676 | L85: =L84/(SQRT(2)) -> 0.17261905 | P85: =P84/(SQRT(2)) -> 0.2952381
A87: Week 13 | B87: AT-pre | C87: AT-post | D87: AT-diff kcal | E87: AT-cum kcal | F87: AA-pre | G87: AA-post | H87: AA-diff kcal | I87: AA-cum kcal | J87: LT-pre | K87: LT-post | L87: LT-diff kcal | M87: LT-cum kcal | N87: LA-pre | O87: LA-post | P87: LA-diff kcal | Q87: LA-cum kcal | R87: 11/07/2018-11/14/2018
A88: 1 | B88: 187.3 | C88: 100.1 | D88: =((B88-C88)/4)/7 -> 3.1142857 | F88: 203.3 | G88: 148.8 | H88: =((F88-G88)/2)/7 -> 3.8928571 | J88: 191.4 | K88: 131.4 | L88: =((J88-K88)/3)/7 -> 2.8571429 | N88: 217.2 | O88: 163.9 | P88: =((N88-O88)/3)/7 -> 2.5380952 | R88: 7 days
A89: 2 | B89: 167.3 | C89: 128.2 | D89: =((B89-C89)/2)/7 -> 2.7928571 | F89: 202.8 | G89: 164.1 | H89: =((F89-G89)/2)/7 -> 2.7642857 | J89: 200.8 | K89: 151.4 | L89: =((J89-K89)/2)/7 -> 3.5285714 | N89: 141.3 | O89: 78.6 | P89: =((N89-O89)/3)/7 -> 2.9857143
A90: 3 | F90: 195.7 | G90: 143.1 | H90: =((F90-G90)/2)/7 -> 3.7571429
A91: Avg | D91: =AVERAGE(D88:D89) -> 2.9535714 | H91: =AVERAGE(H88:H90) -> 3.4714286 | L91: =AVERAGE(L88:L89) -> 3.1928571 | P91: =AVERAGE(P88:P89) -> 2.7619048
A92: Stdev | D92: =STDEV(D88:D89) -> 0.22728432 | H92: =STDEV(H88:H90) -> 0.61615165 | L92: =STDEV(L88:L89) -> 0.4747717 | P92: =STDEV(P88:P89) -> 0.31651446
A93: SEM | D93: =D92/(SQRT(2)) -> 0.16071429 | H93: =H92/(SQRT(3)) -> 0.35573532 | L93: =L92/(SQRT(2)) -> 0.33571429 | P93: =P92/(SQRT(2)) -> 0.22380952
A95: Week 14 | B95: AT-pre | C95: AT-post | D95: AT-diff kcal | E95: AT-cum kcal | F95: AA-pre | G95: AA-post | H95: AA-diff kcal | I95: AA-cum kcal | J95: LT-pre | K95: LT-post | L95: LT-diff kcal | M95: LT-cum kcal | N95: LA-pre | O95: LA-post | P95: LA-diff kcal | Q95: LA-cum kcal | R95: 11/14/2018-11/21/2018
A96: 1 | B96: 100.1 | C96: 26.3 | D96: =((B96-C96)/4)/7 -> 2.6357143 | F96: 148.8 | G96: 104.5 | H96: =((F96-G96)/2)/7 -> 3.1642857 | J96: 131.4 | K96: 74 | L96: =((J96-K96)/3)/7 -> 2.7333333 | N96: 163.9 | O96: 116.6 | P96: =((N96-O96)/3)/7 -> 2.252381 | R96: 7 days
A97: 2 | B97: 128.2 | C97: 94.9 | D97: =((B97-C97)/2)/7 -> 2.3785714 | F97: 164.1 | G97: 134.5 | H97: =((F97-G97)/2)/7 -> 2.1142857 | J97: 151.4 | K97: 116.6 | L97: =((J97-K97)/2)/7 -> 2.4857143 | N97: 78.6 | O97: 29.6 | P97: =((N97-O97)/3)/7 -> 2.3333333
A98: 3 | F98: 143.1 | G98: 108.1 | H98: =((F98-G98)/2)/7 -> 2.5
A99: Avg | D99: =AVERAGE(D96:D97) -> 2.5071429 | H99: =AVERAGE(H96:H98) -> 2.5928571 | L99: =AVERAGE(L96:L97) -> 2.6095238 | P99: =AVERAGE(P96:P97) -> 2.2928571
A100: Stdev | D100: =STDEV(D96:D97) -> 0.18182746 | H100: =STDEV(H96:H98) -> 0.53112318 | L100: =STDEV(L96:L97) -> 0.17509311 | P100: =STDEV(P96:P97) -> 0.057241978
A101: SEM | D101: =D100/(SQRT(2)) -> 0.12857143 | H101: =H100/(SQRT(3)) -> 0.30664411 | L101: =L100/(SQRT(2)) -> 0.12380952 | P101: =P100/(SQRT(2)) -> 0.04047619
A103: Week 15 | B103: AT-pre | C103: AT-post | D103: AT-diff kcal | E103: AT-cum kcal | F103: AA-pre | G103: AA-post | H103: AA-diff kcal | I103: AA-cum kcal | J103: LT-pre | K103: LT-post | L103: LT-diff kcal | M103: LT-cum kcal | N103: LA-pre | O103: LA-post | P103: LA-diff kcal | Q103: LA-cum kcal | R103: 11/21/2018-11/28/2018
A104: 1 | B104: 179.6 | C104: 103 | D104: =((B104-C104)/4)/7 -> 2.7357143 | F104: 104.5 | G104: 62.1 | H104: =((F104-G104)/2)/7 -> 3.0285714 | J104: 219 | K104: 164.1 | L104: =((J104-K104)/3)/7 -> 2.6142857 | N104: 116.6 | O104: 73.3 | P104: =((N104-O104)/3)/7 -> 2.0619048 | R104: 7 days
A105: 2 | B105: 175.4 | C105: 135.4 | D105: =((B105-C105)/2)/7 -> 2.8571429 | F105: 134.5 | G105: 103.3 | H105: =((F105-G105)/2)/7 -> 2.2285714 | J105: 116.6 | K105: 112.1 | L105: =((J105-K105)/2)/7 -> 0.32142857 | N105: 211.5 | O105: 142.1 | P105: =((N105-O105)/3)/7 -> 3.3047619 | R105: LT post-food weight?
A106: 3 | F106: 108.1 | G106: 76.3 | H106: =((F106-G106)/2)/7 -> 2.2714286
A107: Avg | D107: =AVERAGE(D104:D105) -> 2.7964286 | H107: =AVERAGE(H104:H106) -> 2.5095238 | L107: =AVERAGE(L104:L105) -> 1.4678571 | P107: =AVERAGE(P104:P105) -> 2.6833333
A108: Stdev | D108: =STDEV(D104:D105) -> 0.085862966 | H108: =STDEV(H104:H106) -> 0.4500189 | L108: =STDEV(L104:L105) -> 1.6212948 | P108: =STDEV(P104:P105) -> 0.87883271
A109: SEM | D109: =D108/(SQRT(2)) -> 0.060714286 | H109: =H108/(SQRT(3)) -> 0.25981853 | L109: =L108/(SQRT(2)) -> 1.1464286 | P109: =P108/(SQRT(2)) -> 0.62142857
A111: Week 16 | B111: AT-pre | C111: AT-post | D111: AT-diff kcal | E111: AT-cum kcal | F111: AA-pre | G111: AA-post | H111: AA-diff kcal | I111: AA-cum kcal | J111: LT-pre | K111: LT-post | L111: LT-diff kcal | M111: LT-cum kcal | N111: LA-pre | O111: LA-post | P111: LA-diff kcal | Q111: LA-cum kcal | R111: 11/28/2018-12/05/2018
A112: 1 | B112: 222.9 | C112: 137.4 | D112: =((B112-C112)/4)/7 -> 3.0535714 | F112: 232.4 | G112: 181.3 | H112: =((F112-G112)/2)/7 -> 3.65 | J112: 164.1 | K112: 105.6 | L112: =((J112-K112)/3)/7 -> 2.7857143 | N112: 203.4 | O112: 150.9 | P112: =((N112-O112)/3)/7 -> 2.5 | R112: 7 days
A113: 2 | B113: 135.4 | C113: 95.8 | D113: =((B113-C113)/2)/7 -> 2.8285714 | F113: 201.5 | G113: 163.2 | H113: =((F113-G113)/2)/7 -> 2.7357143 | J113: 221.1 | K113: 178.3 | L113: =((J113-K113)/2)/7 -> 3.0571429 | N113: 142.1 | O113: 91.5 | P113: =((N113-O113)/3)/7 -> 2.4095238
A114: 3 | F114: 175.6 | G114: 130.8 | H114: =((F114-G114)/2)/7 -> 3.2
...
